"Symbol","Company","Industry","Subject","Broadcast Date/Time"
"INFY","Infosys Limited","-","Updates","07-Jun-2018 09:32"
"INFY","Infosys Limited","-","Investor Presentation","06-Jun-2018 08:17"
"INFY","Infosys Limited","-","Press Release","05-Jun-2018 16:33"
"INFY","Infosys Limited","-","Press Release","04-Jun-2018 15:29"
"INFY","Infosys Limited","-","Press Release","01-Jun-2018 12:26"
"INFY","Infosys Limited","-","Analysts/Institutional Investor Meet/Con. Call Updates","31-May-2018 15:46"
"INFY","Infosys Limited","-","Press Release","31-May-2018 15:31"
"INFY","Infosys Limited","-","Press Release","30-May-2018 11:26"
"INFY","Infosys Limited","-","News Clarification","26-May-2018 20:04"
"INFY","Infosys Limited","-","News Clarification","24-May-2018 13:04"
"INFY","Infosys Limited","-","Shareholders meeting","21-May-2018 17:46"
"INFY","Infosys Limited","-","Analysts/Institutional Investor Meet/Con. Call Updates","21-May-2018 11:54"
"INFY","Infosys Limited","-","Press Release","16-May-2018 15:26"
"INFY","Infosys Limited","-","Resignation","11-May-2018 17:44"
"INFY","Infosys Limited","-","Press Release","10-May-2018 11:18"
"INFY","Infosys Limited","-","Updates","04-May-2018 20:08"
"INFY","Infosys Limited","-","Press Release","03-May-2018 15:06"
"INFY","Infosys Limited","-","Press Release","02-May-2018 15:35"
"INFY","Infosys Limited","-","Press Release","27-Apr-2018 09:32"
"INFY","Infosys Limited","-","Investor Presentation","23-Apr-2018 16:15"
"INFY","Infosys Limited","-","Analysts/Institutional Investor Meet/Con. Call Updates","19-Apr-2018 10:40"
"INFY","Infosys Limited","-","News Clarification","18-Apr-2018 16:25"
"INFY","Infosys Limited","-","Analysts/Institutional Investor Meet/Con. Call Updates","18-Apr-2018 16:00"
"INFY","Infosys Limited","-","News Clarification","16-Apr-2018 17:24"
"INFY","Infosys Limited","-","Updates","16-Apr-2018 12:57"
"INFY","Infosys Limited","-","Analysts/Institutional Investor Meet/Con. Call Updates","14-Apr-2018 16:22"
"INFY","Infosys Limited","-","AGM/Book Closure","13-Apr-2018 17:07"
"INFY","Infosys Limited","-","Dividend","13-Apr-2018 16:54"
"INFY","Infosys Limited","-","Outcome of Board Meeting","13-Apr-2018 16:54"
"INFY","Infosys Limited","-","Financial Result Updates","13-Apr-2018 16:38"
"INFY","Infosys Limited","-","Press Release","10-Apr-2018 15:52"
"INFY","Infosys Limited","-","Allotment of ESOP/ESPS","09-Apr-2018 22:37"
"INFY","Infosys Limited","-","Disc. under Reg.30 of SEBI (SAST) Reg.2011","05-Apr-2018 15:14"
"INFY","Infosys Limited","-","Press Release","04-Apr-2018 11:29"
"INFY","Infosys Limited","-","Press Release","22-Mar-2018 18:18"
"INFY","Infosys Limited","-","Press Release","15-Mar-2018 17:19"
"INFY","Infosys Limited","-","Press Release","14-Mar-2018 23:39"
"INFY","Infosys Limited","-","Press Release","12-Mar-2018 15:55"
"INFY","Infosys Limited","-","News Clarification","08-Mar-2018 18:19"
"INFY","Infosys Limited","-","Press Release","08-Mar-2018 15:12"
"INFY","Infosys Limited","-","Allotment of ESOP/ESPS","06-Mar-2018 20:48"
"INFY","Infosys Limited","-","Press Release","06-Mar-2018 20:45"
"INFY","Infosys Limited","-","Press Release","05-Mar-2018 23:16"
"INFY","Infosys Limited","-","News Clarification","05-Mar-2018 18:29"
"INFY","Infosys Limited","-","Updates","05-Mar-2018 17:26"
"INFY","Infosys Limited","-","Press Release","05-Mar-2018 15:59"
"INFY","Infosys Limited","-","Analysts/Institutional Investor Meet/Con. Call Updates","28-Feb-2018 17:16"
"INFY","Infosys Limited","-","Press Release","28-Feb-2018 14:55"
"INFY","Infosys Limited","-","Shareholders meeting","22-Feb-2018 21:53"
"INFY","Infosys Limited","-","Analysts/Institutional Investor Meet/Con. Call Updates","22-Feb-2018 21:06"
"INFY","Infosys Limited","-","Updates","22-Feb-2018 18:47"
"INFY","Infosys Limited","-","Press Release","21-Feb-2018 15:03"
"INFY","Infosys Limited","-","Press Release","20-Feb-2018 15:23"
"INFY","Infosys Limited","-","Press Release","19-Feb-2018 14:28"
"INFY","Infosys Limited","-","Updates","16-Feb-2018 17:10"
"INFY","Infosys Limited","-","Press Release","15-Feb-2018 15:34"
"INFY","Infosys Limited","-","Allotment of ESOP/ESPS","05-Feb-2018 15:32"
"INFY","Infosys Limited","-","Updates","03-Feb-2018 14:11"
"INFY","Infosys Limited","-","Press Release","23-Jan-2018 14:30"
"INFY","Infosys Limited","-","Press Release","22-Jan-2018 13:00"
"INFY","Infosys Limited","-","Shareholders meeting","22-Jan-2018 12:41"
"INFY","Infosys Limited","-","Press Release","19-Jan-2018 15:26"
"INFY","Infosys Limited","-","Press Release","16-Jan-2018 15:51"
"INFY","Infosys Limited","-","Financial Result Updates","12-Jan-2018 15:47"
"INFY","Infosys Limited","-","Outcome of Board Meeting","12-Jan-2018 15:39"
"INFY","Infosys Limited","-","Press Release","10-Jan-2018 18:07"
"INFY","Infosys Limited","-","Press Release","09-Jan-2018 17:38"
"INFY","Infosys Limited","-","Press Release","05-Jan-2018 15:15"
"INFY","Infosys Limited","-","Press Release","05-Jan-2018 12:15"
"INFY","Infosys Limited","-","Press Release","04-Jan-2018 15:02"
"INFY","Infosys Limited","-","Press Release","03-Jan-2018 23:05"
"INFY","Infosys Limited","-","Press Release","29-Dec-2017 16:19"
"INFY","Infosys Limited","-","Public Announcement - Buyback of Shares","26-Dec-2017 15:24"
"INFY","Infosys Limited","-","Post Buyback Public Announcement","26-Dec-2017 08:44"
"INFY","Infosys Limited","-","Press Release","21-Dec-2017 15:44"
"INFY","Infosys Limited","-","Press Release","19-Dec-2017 19:02"
"INFY","Infosys Limited","-","Press Release","18-Dec-2017 19:55"
"INFY","Infosys Limited","-","Press Release","11-Dec-2017 17:17"
"INFY","Infosys Limited","-","Press Release","08-Dec-2017 15:57"
"INFY","Infosys Limited","-","Updates","06-Dec-2017 19:58"
"INFY","Infosys Limited","-","Press Release","05-Dec-2017 21:44"
"INFY","Infosys Limited","-","Outcome of Board Meeting","02-Dec-2017 15:39"
"INFY","Infosys Limited","-","Press Release","29-Nov-2017 15:39"
"INFY","Infosys Limited","-","Press Release","27-Nov-2017 21:05"
"INFY","Infosys Limited","-","Press Release","27-Nov-2017 15:08"
"INFY","Infosys Limited","-","Analysts/Institutional Investor Meet/Con. Call Updates","27-Nov-2017 12:21"
"INFY","Infosys Limited","-","Analysts/Institutional Investor Meet/Con. Call Updates","20-Nov-2017 12:17"
"INFY","Infosys Limited","-","Buyback","17-Nov-2017 20:23"
"INFY","Infosys Limited","-","Buyback","17-Nov-2017 20:06"
"INFY","Infosys Limited","-","Press Release","16-Nov-2017 15:42"
"INFY","Infosys Limited","-","Press Release","15-Nov-2017 20:19"
"INFY","Infosys Limited","-","Press Release","15-Nov-2017 11:11"
"INFY","Infosys Limited","-","Analysts/Institutional Investor Meet/Con. Call Updates","14-Nov-2017 09:48"
"INFY","Infosys Limited","-","Press Release","08-Nov-2017 15:34"
"INFY","Infosys Limited","-","Press Release","07-Nov-2017 15:34"
"INFY","Infosys Limited","-","Analysts/Institutional Investor Meet/Con. Call Updates","27-Oct-2017 09:12"
"INFY","Infosys Limited","-","Dividend","24-Oct-2017 15:59"
"INFY","Infosys Limited","-","Outcome of Board Meeting","24-Oct-2017 15:59"
"INFY","Infosys Limited","-","Financial Result Updates","24-Oct-2017 15:43"
"INFY","Infosys Limited","-","Press Release","17-Oct-2017 09:44"
"INFY","Infosys Limited","-","Public Announcement - Buyback of Shares","12-Oct-2017 08:36"
"INFY","Infosys Limited","-","Public Announcement - Buyback of Shares","10-Oct-2017 11:02"
"INFY","Infosys Limited","-","Record Date","10-Oct-2017 08:50"
"INFY","Infosys Limited","-","Shareholders meeting","09-Oct-2017 21:06"
"INFY","Infosys Limited","-","Allotment of ESOP/ESPS","06-Oct-2017 16:52"
"INFY","Infosys Limited","-","Press Release","04-Oct-2017 13:57"
"INFY","Infosys Limited","-","Press Release","03-Oct-2017 16:04"
"INFY","Infosys Limited","-","Allotment of ESOP/ESPS","03-Oct-2017 10:48"
"INFY","Infosys Limited","-","Press Release","28-Sep-2017 15:30"
"INFY","Infosys Limited","-","Press Release","25-Sep-2017 17:34"
"INFY","Infosys Limited","-","Press Release","22-Sep-2017 13:56"
"INFY","Infosys Limited","-","Allotment of ESOP/ESPS","21-Sep-2017 16:04"
"INFY","Infosys Limited","-","Clarification","20-Sep-2017 17:58"
"INFY","Infosys Limited","-","Press Release","19-Sep-2017 15:30"
"INFY","Infosys Limited","-","News Clarification","19-Sep-2017 11:10"
"INFY","Infosys Limited","-","Press Release","18-Sep-2017 22:50"
"INFY","Infosys Limited","-","News Clarification","18-Sep-2017 14:45"
"INFY","Infosys Limited","-","Press Release","13-Sep-2017 19:13"
"INFY","Infosys Limited","-","Press Release","12-Sep-2017 19:59"
"INFY","Infosys Limited","-","Shareholders meeting","11-Sep-2017 11:35"
"INFY","Infosys Limited","-","Press Release","11-Sep-2017 09:49"
"INFY","Infosys Limited","-","Updates","08-Sep-2017 23:07"
"INFY","Infosys Limited","-","Press Release","06-Sep-2017 22:32"
"INFY","Infosys Limited","-","Analysts/Institutional Investor Meet/Con. Call Updates","05-Sep-2017 11:42"
"INFY","Infosys Limited","-","Press Release","01-Sep-2017 20:22"
"INFY","Infosys Limited","-","Press Release","01-Sep-2017 12:35"
"INFY","Infosys Limited","-","News Clarification","31-Aug-2017 14:40"
"INFY","Infosys Limited","-","News Clarification","30-Aug-2017 12:51"
"INFY","Infosys Limited","-","Buyback","28-Aug-2017 18:39"
"INFY","Infosys Limited","-","Outcome of Board Meeting","25-Aug-2017 17:33"
"INFY","Infosys Limited","-","Outcome of Board Meeting","24-Aug-2017 20:21"
"INFY","Infosys Limited","-","Allotment of ESOP/ESPS","23-Aug-2017 19:24"
"INFY","Infosys Limited","-","Press Release","23-Aug-2017 15:11"
"INFY","Infosys Limited","-","Buyback","21-Aug-2017 08:10"
"INFY","Infosys Limited","-","Outcome of Board Meeting","19-Aug-2017 11:25"
"INFY","Infosys Limited","-","Press Release","18-Aug-2017 11:27"
"INFY","Infosys Limited","-","Outcome of Board Meeting","18-Aug-2017 09:14"
"INFY","Infosys Limited","-","Press Release","17-Aug-2017 18:37"
"INFY","Infosys Limited","-","Allotment of ESOP/ESPS","16-Aug-2017 20:06"
"INFY","Infosys Limited","-","Outcome of Board Meeting","03-Aug-2017 19:38"
"INFY","Infosys Limited","-","Press Release","27-Jul-2017 14:53"
"INFY","Infosys Limited","-","Press Release","21-Jul-2017 15:47"
"INFY","Infosys Limited","-","Outcome of Board Meeting","14-Jul-2017 09:02"
"INFY","Infosys Limited","-","Financial Result Updates","14-Jul-2017 08:51"
"INFY","Infosys Limited","-","Press Release","11-Jul-2017 15:21"
"INFY","Infosys Limited","-","Press Release","07-Jul-2017 11:08"
"INFY","Infosys Limited","-","Press Release","06-Jul-2017 21:33"
"INFY","Infosys Limited","-","Press Release","06-Jul-2017 19:03"
"INFY","Infosys Limited","-","Press Release","04-Jul-2017 16:27"
"INFY","Infosys Limited","-","Press Release","01-Jul-2017 08:59"
"INFY","Infosys Limited","-","Press Release","30-Jun-2017 22:42"
"INFY","Infosys Limited","-","Updates","28-Jun-2017 16:52"
"INFY","Infosys Limited","-","Shareholders meeting","25-Jun-2017 00:23"
"INFY","Infosys Limited","-","Press Release","23-Jun-2017 22:20"
"INFY","Infosys Limited","-","Updates","23-Jun-2017 17:04"
"INFY","Infosys Limited","-","Press Release","23-Jun-2017 16:17"
"INFY","Infosys Limited","-","Press Release","16-Jun-2017 01:14"
"INFY","Infosys Limited","-","Trading Window","14-Jun-2017 17:13"
"INFY","Infosys Limited","-","Press Release","13-Jun-2017 00:03"
"INFY","Infosys Limited","-","Clarification","09-Jun-2017 10:19"
"INFY","Infosys Limited","-","Clarification","08-Jun-2017 08:27"
"INFY","Infosys Limited","-","Analysts/Institutional Investor Meet/Con. Call Updates","06-Jun-2017 15:13"
"INFY","Infosys Limited","-","Press Release","25-May-2017 16:56"
"INFY","Infosys Limited","-","Press Release","24-May-2017 16:58"
"INFY","Infosys Limited","-","Shareholders meeting","22-May-2017 21:54"
"INFY","Infosys Limited","-","Press Release","19-May-2017 15:47"
"INFY","Infosys Limited","-","Press Release","15-May-2017 16:21"
"INFY","Infosys Limited","-","Press Release","03-May-2017 15:28"
"INFY","Infosys Limited","-","Press Release","02-May-2017 15:30"
"INFY","Infosys Limited","-","Updates","02-May-2017 12:43"
"INFY","Infosys Limited","-","Press Release","02-May-2017 09:44"
"INFY","Infosys Limited","-","Press Release","27-Apr-2017 07:27"
"INFY","Infosys Limited","-","Press Release","24-Apr-2017 21:13"
"INFY","Infosys Limited","-","Updates","13-Apr-2017 11:13"
"INFY","Infosys Limited","-","Book Closure","13-Apr-2017 09:11"
"INFY","Infosys Limited","-","Outcome of Board Meeting","13-Apr-2017 09:02"
"INFY","Infosys Limited","-","Dividend","13-Apr-2017 08:59"
"INFY","Infosys Limited","-","Financial Result Updates","13-Apr-2017 08:50"
"INFY","Infosys Limited","-","Disc. under Reg.30 of SEBI (SAST) Reg.2011","07-Apr-2017 11:11"
"INFY","Infosys Limited","-","Disc. under Reg.30 of SEBI (SAST) Reg.2011","07-Apr-2017 10:23"
"INFY","Infosys Limited","-","Disc. under Reg.30 of SEBI (SAST) Reg.2011","07-Apr-2017 09:52"
"INFY","Infosys Limited","-","Disc. under Reg.30 of SEBI (SAST) Reg.2011","05-Apr-2017 16:03"
"INFY","Infosys Limited","-","Disc. under Reg.30 of SEBI (SAST) Reg.2011","05-Apr-2017 15:33"
"INFY","Infosys Limited","-","Disc. under Reg.30 of SEBI (SAST) Reg.2011","05-Apr-2017 15:29"
"INFY","Infosys Limited","-","Disc. under Reg.30 of SEBI (SAST) Reg.2011","05-Apr-2017 15:28"
"INFY","Infosys Limited","-","Press Release","04-Apr-2017 16:25"
"INFY","Infosys Limited","-","Updates","04-Apr-2017 16:16"
"INFY","Infosys Limited","-","Shareholders meeting","03-Apr-2017 08:07"
"INFY","Infosys Limited","-","Press Release","30-Mar-2017 15:06"
"INFY","Infosys Limited","-","Press Release","15-Mar-2017 15:42"
"INFY","Infosys Limited","-","Press Release","08-Mar-2017 15:01"
"INFY","Infosys Limited","-","Press Release","07-Mar-2017 16:13"
"INFY","Infosys Limited","-","Postal Ballot Updates","24-Feb-2017 09:13"
"INFY","Infosys Limited","-","Outcome of Board Meeting","23-Feb-2017 11:25"
"INFY","Infosys Limited","-","News Clarification","22-Feb-2017 10:27"
"INFY","Infosys Limited","-","Updates","20-Feb-2017 11:48"
"INFY","Infosys Limited","-","Press Release","16-Feb-2017 15:33"
"INFY","Infosys Limited","-","Analysts/Institutional Investor Meet/Con. Call Updates","16-Feb-2017 15:19"
"INFY","Infosys Limited","-","Updates","16-Feb-2017 10:49"
"INFY","Infosys Limited","-","Press Release","13-Feb-2017 19:08"
"INFY","Infosys Limited","-","Investor Presentation","13-Feb-2017 08:56"
"INFY","Infosys Limited","-","Updates","13-Feb-2017 08:48"
"INFY","Infosys Limited","-","News Clarification","10-Feb-2017 08:14"
"INFY","Infosys Limited","-","News Clarification","09-Feb-2017 15:42"
"INFY","Infosys Limited","-","Analysts/Institutional Investor Meet/Con. Call Updates","08-Feb-2017 11:06"
"INFY","Infosys Limited","-","Clarification","08-Feb-2017 08:38"
"INFY","Infosys Limited","-","Press Release","07-Feb-2017 15:30"
"INFY","Infosys Limited","-","Press Release","07-Feb-2017 11:16"
"INFY","Infosys Limited","-","Press Release","25-Jan-2017 15:27"
"INFY","Infosys Limited","-","Press Release","17-Jan-2017 13:00"
"INFY","Infosys Limited","-","Press Release","16-Jan-2017 16:08"
"INFY","Infosys Limited","-","Others","13-Jan-2017 20:08"
"INFY","Infosys Limited","-","Press Release (Revised)","13-Jan-2017 10:24"
"INFY","Infosys Limited","-","Updates","13-Jan-2017 09:41"
"INFY","Infosys Limited","-","Updates","13-Jan-2017 09:39"
"INFY","Infosys Limited","-","Updates","13-Jan-2017 09:38"
"INFY","Infosys Limited","-","Updates","13-Jan-2017 09:37"
"INFY","Infosys Limited","-","Updates","13-Jan-2017 09:36"
"INFY","Infosys Limited","-","Updates","13-Jan-2017 09:33"
"INFY","Infosys Limited","-","Outcome of Board Meeting","13-Jan-2017 09:10"
"INFY","Infosys Limited","-","Financial Result Updates","13-Jan-2017 09:04"
"INFY","Infosys Limited","-","Press Release","08-Jan-2017 12:06"
"INFY","Infosys Limited","-","Press Release","04-Jan-2017 16:40"
"INFY","Infosys Limited","-","Updates","02-Jan-2017 08:38"
"INFY","Infosys Limited","-","Analysts/Institutional Investor Meet/Con. Call Updates","15-Dec-2016 10:50"
"INFY","Infosys Limited","-","Press Release","14-Dec-2016 18:08"
"INFY","Infosys Limited","-","Press Release","09-Dec-2016 15:24"
"INFY","Infosys Limited","-","Press Release","06-Dec-2016 16:32"
"INFY","Infosys Limited","-","Press Release","23-Nov-2016 15:49"
"INFY","Infosys Limited","-","Press Release","18-Nov-2016 13:17"
"INFY","Infosys Limited","-","Press Release","18-Nov-2016 11:34"
"INFY","Infosys Limited","-","Updates","17-Nov-2016 12:30"
"INFY","Infosys Limited","-","Press Release","11-Nov-2016 13:47"
"INFY","Infosys Limited","-","Press Release (Revised)","08-Nov-2016 19:06"
"INFY","Infosys Limited","-","Press Release","08-Nov-2016 17:10"
"INFY","Infosys Limited","-","Press Release","21-Oct-2016 18:37"
"INFY","Infosys Limited","-","Updates","20-Oct-2016 08:19"
"INFY","Infosys Limited","-","Press Release","18-Oct-2016 14:59"
"INFY","Infosys Limited","-","Updates","14-Oct-2016 10:30"
"INFY","Infosys Limited","-","Auditor's report","14-Oct-2016 10:03"
"INFY","Infosys Limited","-","Financial Result Updates","14-Oct-2016 09:59"
"INFY","Infosys Limited","-","Press Release","14-Oct-2016 09:55"
"INFY","Infosys Limited","-","Updates","14-Oct-2016 09:51"
"INFY","Infosys Limited","-","Date of payment of dividend","14-Oct-2016 09:45"
"INFY","Infosys Limited","-","Outcome of Board Meeting","14-Oct-2016 09:43"
"INFY","Infosys Limited","-","Dividend","14-Oct-2016 09:42"
"INFY","Infosys Limited","-","Financial Result Updates","14-Oct-2016 09:39"
"INFY","Infosys Limited","-","Press Release","07-Oct-2016 11:03"
"INFY","Infosys Limited","-","Press Release","28-Sep-2016 09:49"
"INFY","Infosys Limited","-","Press Release","19-Sep-2016 16:08"
"INFY","Infosys Limited","-","Updates","16-Sep-2016 17:52"
"INFY","Infosys Limited","-","Record Date","16-Sep-2016 15:07"
"INFY","Infosys Limited","-","Trading Window","14-Sep-2016 10:20"
"INFY","Infosys Limited","-","Analysts/Institutional Investor Meet/Con. Call Updates","14-Sep-2016 08:25"
"INFY","Infosys Limited","-","Updates","02-Sep-2016 17:50"
"INFY","Infosys Limited","-","Analysts/Institutional Investor Meet/Con. Call Updates","30-Aug-2016 18:55"
"INFY","Infosys Limited","-","Investor Presentation","26-Aug-2016 15:36"
"INFY","Infosys Limited","-","Analysts/Institutional Investor Meet/Con. Call Updates","23-Aug-2016 15:59"
"INFY","Infosys Limited","-","Press Release","16-Aug-2016 13:30"
"INFY","Infosys Limited","-","Press Release","16-Aug-2016 07:52"
"INFY","Infosys Limited","-","Press Release","03-Aug-2016 13:22"
"INFY","Infosys Limited","-","Outcome of Board Meeting","15-Jul-2016 10:30"
"INFY","Infosys Limited","-","Financial Result Updates","15-Jul-2016 10:07"
"INFY","Infosys Limited","-","Press Release","08-Jul-2016 17:18"
"INFY","Infosys Limited","-","Regulation 44(3) of SEBI (LODR), Reg., 2015","20-Jun-2016 07:42"
"INFY","Infosys Limited","-","Trading Window","15-Jun-2016 09:54"
"INFY","Infosys Limited","-","Press Release","08-Jun-2016 13:18"
"INFY","Infosys Limited","-","Updates","06-Jun-2016 07:59"
"INFY","Infosys Limited","-","Updates","03-Jun-2016 08:28"
"INFY","Infosys Limited","-","Updates","01-Jun-2016 10:45"
"INFY","Infosys Limited","-","Annual General Meeting Updates","19-May-2016 13:32"
"INFY","Infosys Limited","-","Updates","19-May-2016 08:05"
"INFY","Infosys Limited","-","Press Release","19-May-2016 08:03"
"INFY","Infosys Limited","-","Disc. under Reg.30 of SEBI (SAST) Reg.2011","26-Apr-2016 13:13"
"INFY","Infosys Limited","-","Disc. under Reg.30 of SEBI (SAST) Reg.2011","26-Apr-2016 13:07"
"INFY","Infosys Limited","-","Disc. under Reg.30 of SEBI (SAST) Reg.2011","26-Apr-2016 13:07"
"INFY","Infosys Limited","-","Disc. under Reg.30 of SEBI (SAST) Reg.2011","15-Apr-2016 12:07"
"INFY","Infosys Limited","-","AGM/Book Closure","15-Apr-2016 10:04"
"INFY","Infosys Limited","-","Press Release","15-Apr-2016 09:55"
"INFY","Infosys Limited","-","Date of payment of dividend","15-Apr-2016 09:53"
"INFY","Infosys Limited","-","Dividend","15-Apr-2016 09:51"
"INFY","Infosys Limited","-","Updates","15-Apr-2016 09:50"
"INFY","Infosys Limited","-","Financial Result Updates","15-Apr-2016 09:40"
"INFY","Infosys Limited","-","Disc. under Reg.30 of SEBI (SAST) Reg.2011","11-Apr-2016 14:39"
"INFY","Infosys Limited","-","Disc. under Reg.30 of SEBI (SAST) Reg.2011","11-Apr-2016 08:35"
"INFY","Infosys Limited","-","Disc. under Reg.30 of SEBI (SAST) Reg.2011","09-Apr-2016 15:22"
"INFY","Infosys Limited","-","Disc. under Reg.30 of SEBI (SAST) Reg.2011","09-Apr-2016 13:01"
"INFY","Infosys Limited","-","Disc. under Reg.30 of SEBI (SAST) Reg.2011","09-Apr-2016 11:27"
"INFY","Infosys Limited","-","Press Release","05-Apr-2016 15:57"
"INFY","Infosys Limited","-","Disc. under Reg.30 of SEBI (SAST) Reg.2011","05-Apr-2016 09:36"
"INFY","Infosys Limited","-","Regulation 44(3) of SEBI (LODR), Reg., 2015","01-Apr-2016 20:34"
"INFY","Infosys Limited","-","Updates","29-Mar-2016 12:21"
"INFY","Infosys Limited","-","Postal Ballot Updates","22-Mar-2016 07:51"
"INFY","Infosys Limited","-","Trading Window","15-Mar-2016 19:04"
"INFY","Infosys Limited","-","Postal Ballot Updates","25-Feb-2016 07:51"
"INFY","Infosys Limited","-","Outcome of Board Meeting","24-Feb-2016 15:35"
"INFY","Infosys Limited","-","Press Release","28-Jan-2016 11:51"
"INFY","Infosys Limited","-","Press Release","27-Jan-2016 08:18"
"INFY","Infosys Limited","-","Updates","14-Jan-2016 09:38"
"INFY","Infosys Limited","-","Outcome of Board Meeting","14-Jan-2016 09:33"
"INFY","Infosys Limited","-","Press Release","14-Jan-2016 09:31"
"INFY","Infosys Limited","-","Consolidated Result Updates - IFRS","14-Jan-2016 09:29"
"INFY","Infosys Limited","-","Updates","14-Jan-2016 09:27"
"INFY","Infosys Limited","-","Financial Result Updates","14-Jan-2016 09:26"
"INFY","Infosys Limited","-","Press Release","07-Jan-2016 09:55"
"INFY","Infosys Limited","-","Press Release","28-Dec-2015 18:19"
"INFY","Infosys Limited","-","Press Release","15-Dec-2015 16:29"
"INFY","Infosys Limited","-","Updates","14-Dec-2015 11:49"
"INFY","Infosys Limited","-","Trading Window","14-Dec-2015 11:47"
"INFY","Infosys Limited","-","Updates","14-Dec-2015 09:58"
"INFY","Infosys Limited","-","Press Release","10-Dec-2015 15:59"
"INFY","Infosys Limited","-","Press Release","09-Dec-2015 19:23"
"INFY","Infosys Limited","-","Updates","08-Dec-2015 14:24"
"INFY","Infosys Limited","-","Press Release","07-Dec-2015 17:23"
"INFY","Infosys Limited","-","Updates","01-Dec-2015 16:39"
"INFY","Infosys Limited","-","Resignation of Director","24-Nov-2015 08:28"
"INFY","Infosys Limited","-","Press Release","23-Nov-2015 16:39"
"INFY","Infosys Limited","-","Updates","19-Nov-2015 14:26"
"INFY","Infosys Limited","-","Press Release","16-Nov-2015 11:15"
"INFY","Infosys Limited","-","Outcome of Board Meeting","19-Oct-2015 10:34"
"INFY","Infosys Limited","-","Press Release","16-Oct-2015 17:21"
"INFY","Infosys Limited","-","Date of payment of dividend","13-Oct-2015 15:37"
"INFY","Infosys Limited","-","Auditors Report","13-Oct-2015 12:40"
"INFY","Infosys Limited","-","Press Release (Revised)","12-Oct-2015 12:42"
"INFY","Infosys Limited","-","Outcome of Board Meeting","12-Oct-2015 09:24"
"INFY","Infosys Limited","-","Press Release","12-Oct-2015 09:19"
"INFY","Infosys Limited","-","Consolidated Result Updates - IFRS","12-Oct-2015 09:17"
"INFY","Infosys Limited","-","Updates","12-Oct-2015 09:15"
"INFY","Infosys Limited","-","Dividend","12-Oct-2015 09:14"
"INFY","Infosys Limited","-","Financial Result Updates","12-Oct-2015 09:13"
"INFY","Infosys Limited","-","Press Release","21-Sep-2015 15:35"
"INFY","Infosys Limited","-","Press Release","18-Sep-2015 15:08"
"INFY","Infosys Limited","-","Press Release","16-Sep-2015 17:01"
"INFY","Infosys Limited","-","Record Date","16-Sep-2015 09:35"
"INFY","Infosys Limited","-","Updates","15-Sep-2015 19:12"
"INFY","Infosys Limited","-","Trading Window","15-Sep-2015 19:06"
"INFY","Infosys Limited","-","Press Release","11-Sep-2015 10:48"
"INFY","Infosys Limited","-","Updates","10-Sep-2015 17:16"
"INFY","Infosys Limited","-","Updates","10-Sep-2015 15:46"
"INFY","Infosys Limited","-","Press Release","08-Sep-2015 15:09"
"INFY","Infosys Limited","-","Press Release","02-Sep-2015 15:11"
"INFY","Infosys Limited","-","Updates","27-Aug-2015 16:12"
"INFY","Infosys Limited","-","Press Release","20-Aug-2015 17:19"
"INFY","Infosys Limited","-","Updates","20-Aug-2015 15:41"
"INFY","Infosys Limited","-","Press Release","19-Aug-2015 15:19"
"INFY","Infosys Limited","-","Press Release","18-Aug-2015 16:24"
"INFY","Infosys Limited","-","Press Release","14-Aug-2015 16:53"
"INFY","Infosys Limited","-","Press Release","07-Aug-2015 15:22"
"INFY","Infosys Limited","-","Press Release","21-Jul-2015 09:14"
"INFY","Infosys Limited","-","Appointment","21-Jul-2015 09:13"
"INFY","Infosys Limited","-","Consolidated Result Updates - IFRS","21-Jul-2015 09:10"
"INFY","Infosys Limited","-","Updates","21-Jul-2015 09:10"
"INFY","Infosys Limited","-","Financial Result Updates","21-Jul-2015 09:05"
"INFY","Infosys Limited","-","Press Release","09-Jul-2015 15:46"
"INFY","Infosys Limited","-","Press Release","08-Jul-2015 18:40"
"INFY","Infosys Limited","-","Press Release","08-Jul-2015 10:49"
"INFY","Infosys Limited","-","Press Release","03-Jul-2015 10:35"
"INFY","Infosys Limited","-","Press Release","29-Jun-2015 15:06"
"INFY","Infosys Limited","-","Updates","25-Jun-2015 17:47"
"INFY","Infosys Limited","-","Trading Window","25-Jun-2015 17:45"
"INFY","Infosys Limited","-","Disclosure of Voting Pattern - Clause 35A","23-Jun-2015 08:08"
"INFY","Infosys Limited","-","Outcome of Board Meeting","23-Jun-2015 07:56"
"INFY","Infosys Limited","-","Press Release","22-Jun-2015 13:40"
"INFY","Infosys Limited","-","Press Release","22-Jun-2015 09:50"
"INFY","Infosys Limited","-","Press Release","19-Jun-2015 15:43"
"INFY","Infosys Limited","-","Allotment of Securities","18-Jun-2015 14:43"
"INFY","Infosys Limited","-","News Clarification","12-Jun-2015 19:28"
"INFY","Infosys Limited","-","News Clarification","12-Jun-2015 18:55"
"INFY","Infosys Limited","-","News Clarification","12-Jun-2015 17:08"
"INFY","Infosys Limited","-","Outcome of Board Meeting","05-Jun-2015 14:54"
"INFY","Infosys Limited","-","Press Release","05-Jun-2015 14:51"
"INFY","Infosys Limited","-","Disclosure of Voting Pattern - Clause 35A","04-Jun-2015 20:05"
"INFY","Infosys Limited","-","Book Closure Updates","04-Jun-2015 19:19"
"INFY","Infosys Limited","-","Press Release","29-May-2015 12:29"
"INFY","Infosys Limited","-","Press Release","22-May-2015 17:08"
"INFY","Infosys Limited","-","Updates","21-May-2015 11:42"
"INFY","Infosys Limited","-","Press Release","18-May-2015 18:06"
"INFY","Infosys Limited","-","Code of Conduct under SEBI(PIT) Reg., 2015","18-May-2015 08:20"
"INFY","Infosys Limited","-","Press Release","14-May-2015 16:09"
"INFY","Infosys Limited","-","Press Release","30-Apr-2015 19:09"
"INFY","Infosys Limited","-","Postal Ballot Updates","30-Apr-2015 15:30"
"INFY","Infosys Limited","-","Press Release","30-Apr-2015 15:28"
"INFY","Infosys Limited","-","Press Release","29-Apr-2015 11:49"
"INFY","Infosys Limited","-","Press Release","27-Apr-2015 16:55"
"INFY","Infosys Limited","-","Press Release","24-Apr-2015 18:41"
"INFY","Infosys Limited","-","AGM/Book Closure","24-Apr-2015 18:37"
"INFY","Infosys Limited","-","Updates","24-Apr-2015 18:32"
"INFY","Infosys Limited","-","AGM/Book Closure","24-Apr-2015 15:24"
"INFY","Infosys Limited","-","Outcome of Board Meeting","24-Apr-2015 14:31"
"INFY","Infosys Limited","-","Press Release","24-Apr-2015 14:30"
"INFY","Infosys Limited","-","Bonus","24-Apr-2015 14:25"
"INFY","Infosys Limited","-","Consolidated Result Updates - IFRS","24-Apr-2015 14:22"
"INFY","Infosys Limited","-","Dividend","24-Apr-2015 14:20"
"INFY","Infosys Limited","-","Updates","24-Apr-2015 14:20"
"INFY","Infosys Limited","-","Financial Result Updates","24-Apr-2015 14:19"
"INFY","Infosys Limited","-","Disc. under Reg.30 of SEBI (SAST) Reg.2011","08-Apr-2015 17:24"
"INFY","Infosys Limited","-","Updates","01-Apr-2015 13:27"
"INFY","Infosys Limited","-","Trading Window","01-Apr-2015 13:25"
"INFY","Infosys Limited","-","Press Release","13-Mar-2015 13:14"
"INFY","Infosys Limited","-","Press Release","10-Mar-2015 08:09"
"INFY","Infosys Limited","-","Disclosure of Voting Pattern - Clause 35A","03-Mar-2015 08:37"
"INFY","Infosys Limited","-","Press Release","02-Mar-2015 13:20"
"INFY","Infosys Limited","-","News Clarification","24-Feb-2015 11:35"
"INFY","Infosys Limited","-","Clarification","24-Feb-2015 11:25"
"INFY","Infosys Limited","-","Clarification","18-Feb-2015 15:55"
"INFY","Infosys Limited","-","Press Release","18-Feb-2015 12:54"
"INFY","Infosys Limited","-","Press Release","16-Feb-2015 09:32"
"INFY","Infosys Limited","-","Press Release","11-Feb-2015 14:39"
"INFY","Infosys Limited","-","Press Release","09-Feb-2015 12:32"
"INFY","Infosys Limited","-","News Clarification","06-Feb-2015 12:54"
"INFY","Infosys Limited","-","Press Release","04-Feb-2015 15:10"
"INFY","Infosys Limited","-","Press Release","02-Feb-2015 14:07"
"INFY","Infosys Limited","-","Press Release","20-Jan-2015 14:27"
"INFY","Infosys Limited","-","Postal Ballot Updates","15-Jan-2015 10:45"
"INFY","Infosys Limited","-","Press Release","14-Jan-2015 16:03"
"INFY","Infosys Limited","-","Press Release","12-Jan-2015 13:33"
"INFY","Infosys Limited","-","Outcome of Board Meeting","09-Jan-2015 13:02"
"INFY","Infosys Limited","-","Change in Company Secretary/Compliance Officer","09-Jan-2015 13:02"
"INFY","Infosys Limited","-","Press Release","09-Jan-2015 13:00"
"INFY","Infosys Limited","-","Financial Result Updates","09-Jan-2015 12:59"
"INFY","Infosys Limited","-","Consolidated Result Updates - IFRS","09-Jan-2015 12:56"
"INFY","Infosys Limited","-","Updates","09-Jan-2015 12:53"
"INFY","Infosys Limited","-","Press Release","31-Dec-2014 17:19"
"INFY","Infosys Limited","-","Trading Window","16-Dec-2014 10:31"
"INFY","Infosys Limited","-","Discl. under SEBI Insider Trading and Takeover Regulation","08-Dec-2014 12:48"
"INFY","Infosys Limited","-","Disclosure under SEBI Takeover Regulations","08-Dec-2014 11:09"
"INFY","Infosys Limited","-","Disclosure under SEBI Takeover Regulations","08-Dec-2014 11:08"
"INFY","Infosys Limited","-","Disclosure under SEBI Takeover Regulations","08-Dec-2014 11:07"
"INFY","Infosys Limited","-","Disclosure under SEBI Takeover Regulations","08-Dec-2014 10:50"
"INFY","Infosys Limited","-","Disclosure under SEBI Takeover Regulations","08-Dec-2014 10:46"
"INFY","Infosys Limited","-","Disclosure under SEBI Takeover Regulations","08-Dec-2014 10:45"
"INFY","Infosys Limited","-","Disclosure under SEBI Takeover Regulations","08-Dec-2014 10:44"
"INFY","Infosys Limited","-","Disclosure under SEBI Takeover Regulations","08-Dec-2014 10:44"
"INFY","Infosys Limited","-","Disclosure under SEBI Takeover Regulations","08-Dec-2014 10:43"
"INFY","Infosys Limited","-","Disclosure under SEBI Takeover Regulations","08-Dec-2014 10:41"
"INFY","Infosys Limited","-","Outcome of Board Meeting","04-Dec-2014 09:33"
"INFY","Infosys Limited","-","Press Release","01-Dec-2014 15:22"
"INFY","Infosys Limited","-","Disclosure of Voting Pattern - Clause 35A","24-Nov-2014 08:32"
"INFY","Infosys Limited","-","Postal Ballot Updates","21-Nov-2014 18:36"
"INFY","Infosys Limited","-","Record Date","21-Nov-2014 18:32"
"INFY","Infosys Limited","-","Press Release","20-Nov-2014 15:13"
"INFY","Infosys Limited","-","Press Release","19-Nov-2014 15:44"
"INFY","Infosys Limited","-","Press Release","18-Nov-2014 19:07"
"INFY","Infosys Limited","-","Press Release","18-Nov-2014 15:08"
"INFY","Infosys Limited","-","Press Release","17-Nov-2014 15:18"
"INFY","Infosys Limited","-","Updates","11-Nov-2014 17:47"
"INFY","Infosys Limited","-","Press Release","11-Nov-2014 15:17"
"INFY","Infosys Limited","-","Press Release","07-Nov-2014 10:20"
"INFY","Infosys Limited","-","Press Release","07-Nov-2014 08:45"
"INFY","Infosys Limited","-","Press Release","07-Nov-2014 08:26"
"INFY","Infosys Limited","-","Updates","05-Nov-2014 08:19"
"INFY","Infosys Limited","-","Press Release","05-Nov-2014 08:16"
"INFY","Infosys Limited","-","Press Release","04-Nov-2014 12:15"
"INFY","Infosys Limited","-","Press Release","30-Oct-2014 09:34"
"INFY","Infosys Limited","-","Press Release","28-Oct-2014 15:14"
"INFY","Infosys Limited","-","Press Release","27-Oct-2014 15:35"
"INFY","Infosys Limited","-","Press Release","27-Oct-2014 13:39"
"INFY","Infosys Limited","-","Updates","21-Oct-2014 11:59"
"INFY","Infosys Limited","-","News Clarification","20-Oct-2014 17:41"
"INFY","Infosys Limited","-","Postal Ballot Updates","17-Oct-2014 08:31"
"INFY","Infosys Limited","-","Postal Ballot Updates","14-Oct-2014 20:21"
"INFY","Infosys Limited","-","Outcome of Board Meeting","10-Oct-2014 09:38"
"INFY","Infosys Limited","-","Press Release","10-Oct-2014 09:32"
"INFY","Infosys Limited","-","Bonus","10-Oct-2014 09:28"
"INFY","Infosys Limited","-","Financial Result Updates","10-Oct-2014 09:27"
"INFY","Infosys Limited","-","Consolidated Result Updates - IFRS","10-Oct-2014 09:26"
"INFY","Infosys Limited","-","Updates","10-Oct-2014 09:25"
"INFY","Infosys Limited","-","Dividend","10-Oct-2014 09:24"
"INFY","Infosys Limited","-","Press Release","07-Oct-2014 08:28"
"INFY","Infosys Limited","-","Press Release","07-Oct-2014 08:09"
"INFY","Infosys Limited","-","Press Release","01-Oct-2014 08:11"
"INFY","Infosys Limited","-","Press Release","01-Oct-2014 08:10"
"INFY","Infosys Limited","-","Press Release","30-Sep-2014 15:54"
"INFY","Infosys Limited","-","Press Release","16-Sep-2014 11:52"
"INFY","Infosys Limited","-","Press Release","10-Sep-2014 16:16"
"INFY","Infosys Limited","-","Press Release","04-Sep-2014 15:40"
"INFY","Infosys Limited","-","Date of payment of dividend","01-Sep-2014 15:04"
"INFY","Infosys Limited","-","Record Date","01-Sep-2014 14:52"
"INFY","Infosys Limited","-","Updates","01-Sep-2014 09:04"
"INFY","Infosys Limited","-","Disclosure under Insider Trading Regulation","22-Aug-2014 19:28"
"INFY","Infosys Limited","-","Disclosure under Insider Trading Regulation","22-Aug-2014 19:28"
"INFY","Infosys Limited","-","Updates","22-Aug-2014 17:44"
"INFY","Infosys Limited","-","Press Release","07-Aug-2014 12:20"
"INFY","Infosys Limited","-","Disclosure of Voting Pattern - Clause 35A","31-Jul-2014 12:08"
"INFY","Infosys Limited","-","Press Release","22-Jul-2014 15:28"
"INFY","Infosys Limited","-","Extraordinary General Meeting Updates","18-Jul-2014 11:08"
"INFY","Infosys Limited","-","Press Release","11-Jul-2014 09:04"
"INFY","Infosys Limited","-","Updates","11-Jul-2014 09:00"
"INFY","Infosys Limited","-","Consolidated Result Updates - IFRS","11-Jul-2014 08:56"
"INFY","Infosys Limited","-","Financial Result Updates","11-Jul-2014 08:55"
"INFY","Infosys Limited","-","Extraordinary General Meeting Updates","02-Jul-2014 12:24"
"INFY","Infosys Limited","-","Press Release","23-Jun-2014 11:36"
"INFY","Infosys Limited","-","Updates","19-Jun-2014 19:56"
"INFY","Infosys Limited","-","Disclosure of Voting Pattern - Clause 35A","16-Jun-2014 20:00"
"INFY","Infosys Limited","-","News Clarification","12-Jun-2014 14:32"
"INFY","Infosys Limited","-","Press Release","12-Jun-2014 08:28"
"INFY","Infosys Limited","-","Updates","31-May-2014 16:24"
"INFY","Infosys Limited","-","Press Release","29-May-2014 12:16"
"INFY","Infosys Limited","-","Press Release","28-May-2014 17:48"
"INFY","Infosys Limited","-","Press Release","15-May-2014 18:32"
"INFY","Infosys Limited","-","Updates","12-May-2014 13:32"
"INFY","Infosys Limited","-","Date of payment of dividend","09-May-2014 16:48"
"INFY","Infosys Limited","-","Press Release","28-Apr-2014 17:52"
"INFY","Infosys Limited","-","Press Release","23-Apr-2014 16:12"
"INFY","Infosys Limited","-","Updates","21-Apr-2014 11:20"
"INFY","Infosys Limited","-","AGM/Book Closure","15-Apr-2014 10:48"
"INFY","Infosys Limited","-","Updates","15-Apr-2014 10:16"
"INFY","Infosys Limited","-","Appointment","15-Apr-2014 09:28"
"INFY","Infosys Limited","-","Consolidated Result Updates - IFRS","15-Apr-2014 09:24"
"INFY","Infosys Limited","-","Dividend","15-Apr-2014 09:20"
"INFY","Infosys Limited","-","Updates","15-Apr-2014 09:20"
"INFY","Infosys Limited","-","Press Release","15-Apr-2014 09:16"
"INFY","Infosys Limited","-","Results Update, Year  ended 31-MAR-2014 (Standalone)","15-Apr-2014 09:15"
"INFY","Infosys Limited","-","Results Update, Quarter  ended 31-MAR-2014 (Standalone)","15-Apr-2014 09:11"
"INFY","Infosys Limited","-","Financial Result Updates","15-Apr-2014 09:07"
"INFY","Infosys Limited","-","Press Release","11-Apr-2014 12:00"
"INFY","Infosys Limited","-","Press Release","10-Apr-2014 16:00"
"INFY","Infosys Limited","-","Press Release","09-Apr-2014 15:40"
"INFY","Infosys Limited","-","Press Release","04-Apr-2014 15:32"
"INFY","Infosys Limited","-","Press Release","01-Apr-2014 17:40"
"INFY","Infosys Limited","-","Updates","28-Mar-2014 17:44"
"INFY","Infosys Limited","-","Press Release","27-Mar-2014 20:36"
"INFY","Infosys Limited","-","Press Release","27-Mar-2014 13:32"
"INFY","Infosys Limited","-","Press Release","26-Mar-2014 16:08"
"INFY","Infosys Limited","-","Press Release","25-Mar-2014 15:00"
"INFY","Infosys Limited","-","Resignation","20-Mar-2014 18:04"
"INFY","Infosys Limited","-","Press Release","18-Mar-2014 17:40"
"INFY","Infosys Limited","-","Press Release","18-Mar-2014 08:08"
"INFY","Infosys Limited","-","Press Release","18-Mar-2014 08:00"
"INFY","Infosys Limited","-","Disclosure under Insider Trading Regulation","13-Mar-2014 18:44"
"INFY","Infosys Limited","-","Press Release","12-Mar-2014 11:32"
"INFY","Infosys Limited","-","Press Release","03-Mar-2014 18:36"
"INFY","Infosys Limited","-","Press Release","27-Feb-2014 17:40"
"INFY","Infosys Limited","-","News Clarification","27-Feb-2014 11:00"
"INFY","Infosys Limited","-","Press Release","24-Feb-2014 08:36"
"INFY","Infosys Limited","-","Discl. under SEBI Insider Trading and Takeover Regulation","21-Feb-2014 16:04"
"INFY","Infosys Limited","-","Press Release","20-Feb-2014 19:52"
"INFY","Infosys Limited","-","Disclosure under Insider Trading Regulation","19-Feb-2014 17:40"
"INFY","Infosys Limited","-","Press Release","13-Feb-2014 15:16"
"INFY","Infosys Limited","-","Press Release","12-Feb-2014 13:16"
"INFY","Infosys Limited","-","Press Release","06-Feb-2014 19:16"
"INFY","Infosys Limited","-","Press Release","06-Feb-2014 16:56"
"INFY","Infosys Limited","-","Press Release","28-Jan-2014 12:12"
"INFY","Infosys Limited","-","Updates","27-Jan-2014 16:44"
"INFY","Infosys Limited","-","Discl. under SEBI Insider Trading and Takeover Regulation","20-Jan-2014 16:00"
"INFY","Infosys Limited","-","News Clarification","14-Jan-2014 17:44"
"INFY","Infosys Limited","-","Press Release","10-Jan-2014 09:04"
"INFY","Infosys Limited","-","Results Update, Quarter  ended 31-DEC-2013 (Standalone)","10-Jan-2014 09:03"
"INFY","Infosys Limited","-","Outcome of Board Meeting","10-Jan-2014 09:00"
"INFY","Infosys Limited","-","Consolidated Result Updates - IFRS","10-Jan-2014 08:56"
"INFY","Infosys Limited","-","Updates","10-Jan-2014 08:52"
"INFY","Infosys Limited","-","Financial Result Updates","10-Jan-2014 08:51"
"INFY","Infosys Limited","-","Press Release","03-Jan-2014 16:12"
"INFY","Infosys Limited","-","Press Release","20-Dec-2013 16:24"
"INFY","Infosys Limited","-","Resignation","19-Dec-2013 17:32"
"INFY","Infosys Limited","-","Press Release","21-Nov-2013 14:04"
"INFY","Infosys Limited","-","Discl. under SEBI Insider Trading and Takeover Regulation","19-Nov-2013 17:24"
"INFY","Infosys Limited","-","Resignation","18-Nov-2013 16:36"
"INFY","Infosys Limited","-","Press Release","18-Nov-2013 14:56"
"INFY","Infosys Limited","-","Press Release","13-Nov-2013 16:04"
"INFY","Infosys Limited","-","Press Release","12-Nov-2013 12:20"
"INFY","Infosys Limited","-","Disclosure under Insider Trading Regulation","08-Nov-2013 16:28"
"INFY","Infosys Limited","-","Press Release","08-Nov-2013 16:12"
"INFY","Infosys Limited","-","Press Release","30-Oct-2013 17:52"
"INFY","Infosys Limited","-","Appointment","24-Oct-2013 17:32"
"INFY","Infosys Limited","-","Results Update, Quarter  ended 30-SEP-2013 (Standalone)","11-Oct-2013 09:23"
"INFY","Infosys Limited","-","Financial Result Updates","11-Oct-2013 09:00"
"INFY","Infosys Limited","-","Date of payment of dividend","11-Oct-2013 08:56"
"INFY","Infosys Limited","-","Consolidated Result Updates - IFRS","11-Oct-2013 08:52"
"INFY","Infosys Limited","-","Press Release","11-Oct-2013 08:48"
"INFY","Infosys Limited","-","Updates","11-Oct-2013 08:44"
"INFY","Infosys Limited","-","Dividend","11-Oct-2013 08:44"
"INFY","Infosys Limited","-","Press Release","03-Oct-2013 10:04"
"INFY","Infosys Limited","-","Discl. under SEBI Insider Trading and Takeover Regulation","27-Sep-2013 08:36"
"INFY","Infosys Limited","-","Discl. under SEBI Insider Trading and Takeover Regulation","26-Sep-2013 15:44"
"INFY","Infosys Limited","-","Record Date","26-Sep-2013 12:20"
"INFY","Infosys Limited","-","Press Release","18-Sep-2013 14:28"
"INFY","Infosys Limited","-","Press Release","13-Sep-2013 14:56"
"INFY","Infosys Limited","-","Press Release","12-Sep-2013 14:16"
"INFY","Infosys Limited","-","Press Release","28-Aug-2013 16:00"
"INFY","Infosys Limited","-","Updates","20-Aug-2013 09:16"
"INFY","Infosys Limited","-","Press Release","14-Aug-2013 14:52"
"INFY","Infosys Limited","-","Press Release","07-Aug-2013 14:52"
"INFY","Infosys Limited","-","Disclosure of Voting Pattern - Clause 35A","05-Aug-2013 18:28"
"INFY","Infosys Limited","-","Disclosure under Insider Trading Regulation","02-Aug-2013 19:32"
"INFY","Infosys Limited","-","Press Release","26-Jul-2013 15:04"
"INFY","Infosys Limited","-","Press Release","25-Jul-2013 09:00"
"INFY","Infosys Limited","-","Change in Company Secretary/Compliance Officer","12-Jul-2013 09:12"
"INFY","Infosys Limited","-","Consolidated Result Updates - IFRS","12-Jul-2013 08:52"
"INFY","Infosys Limited","-","Press Release","12-Jul-2013 08:44"
"INFY","Infosys Limited","-","Results Update, Quarter ended, 30-JUN-2013 (Standalone)","12-Jul-2013 08:42"
"INFY","Infosys Limited","-","Updates","12-Jul-2013 08:40"
"INFY","Infosys Limited","-","Financial Result Updates","12-Jul-2013 08:33"
"INFY","Infosys Limited","-","Press Release","09-Jul-2013 18:24"
"INFY","Infosys Limited","-","Extraordinary General Meeting Updates","08-Jul-2013 20:04"
"INFY","Infosys Limited","-","Annual General Meeting Updates","08-Jul-2013 08:56"
"INFY","Infosys Limited","-","Press Release","25-Jun-2013 13:08"
"INFY","Infosys Limited","-","Press Release","20-Jun-2013 17:00"
"INFY","Infosys Limited","-","Disclosure of Voting Pattern - Clause 35A","17-Jun-2013 14:48"
"INFY","Infosys Limited","-","Press Release","14-Jun-2013 19:32"
"INFY","Infosys Limited","-","Press Release","14-Jun-2013 07:56"
"INFY","Infosys Limited","-","Updates","13-Jun-2013 16:00"
"INFY","Infosys Limited","-","Press Release","13-Jun-2013 13:08"
"INFY","Infosys Limited","-","Annual General Meeting Updates","05-Jun-2013 18:08"
"INFY","Infosys Limited","-","Press Release","03-Jun-2013 16:12"
"INFY","Infosys Limited","-","Press Release","03-Jun-2013 09:20"
"INFY","Infosys Limited","-","Press Release","03-Jun-2013 09:16"
"INFY","Infosys Limited","-","Press Release","29-May-2013 15:36"
"INFY","Infosys Limited","-","Press Release","20-May-2013 17:04"
"INFY","Infosys Limited","-","Press Release","20-May-2013 13:56"
"INFY","Infosys Limited","-","Press Release","15-May-2013 15:56"
"INFY","Infosys Limited","-","Press Release","07-May-2013 19:20"
"INFY","Infosys Limited","-","Press Release","06-May-2013 17:16"
"INFY","Infosys Limited","-","Press Release","02-May-2013 13:40"
"INFY","Infosys Limited","-","Press Release","29-Apr-2013 17:08"
"INFY","Infosys Limited","-","Press Release","16-Apr-2013 09:04"
"INFY","Infosys Limited","-","AGM/Book Closure","12-Apr-2013 11:24"
"INFY","Infosys Limited","-","Date of payment of dividend","12-Apr-2013 09:24"
"INFY","Infosys Limited","-","Consolidated Result Updates - IFRS","12-Apr-2013 09:00"
"INFY","Infosys Limited","-","Dividend","12-Apr-2013 09:00"
"INFY","Infosys Limited","-","Press Release","12-Apr-2013 08:56"
"INFY","Infosys Limited","-","Results Update, Year ended, 31-MAR-2013 (Standalone)","12-Apr-2013 08:53"
"INFY","Infosys Limited","-","Results Update, Quarter ended, 31-MAR-2013 (Standalone)","12-Apr-2013 08:52"
"INFY","Infosys Limited","-","Updates","12-Apr-2013 08:48"
"INFY","Infosys Limited","-","Financial Result Updates","12-Apr-2013 08:45"
"INFY","Infosys Limited","-","Appointment of Director","12-Apr-2013 08:08"
"INFY","Infosys Limited","-","Press Release","02-Apr-2013 12:08"
"INFY","Infosys Limited","-","Press Release","28-Mar-2013 08:20"
"INFY","Infosys Limited","-","Press Release","26-Mar-2013 11:24"
"INFY","Infosys Limited","-","Press Release","15-Mar-2013 17:28"
"INFY","Infosys Limited","-","Press Release","15-Mar-2013 11:12"
"INFY","Infosys Limited","-","Press Release","14-Mar-2013 13:12"
"INFY","Infosys Limited","-","Press Release","12-Mar-2013 08:28"
"INFY","Infosys Limited","-","Press Release","07-Mar-2013 15:08"
"INFY","Infosys Limited","-","Press Release","04-Mar-2013 17:04"
"INFY","Infosys Limited","-","Press Release","25-Feb-2013 08:12"
"INFY","Infosys Limited","-","Press Release","20-Feb-2013 17:48"
"INFY","Infosys Limited","-","Press Release","20-Feb-2013 14:32"
"INFY","Infosys Limited","-","Press Release","19-Feb-2013 17:56"
"INFY","Infosys Limited","-","Press Release","19-Feb-2013 08:40"
"INFY","Infosys Limited","-","Press Release","18-Feb-2013 17:24"
"INFY","Infosys Limited","-","Press Release","15-Feb-2013 20:40"
"INFY","Infosys Limited","-","Press Release","15-Feb-2013 10:16"
"INFY","Infosys Limited","-","Press Release","14-Feb-2013 08:32"
"INFY","Infosys Limited","-","Press Release","13-Feb-2013 10:20"
"INFY","Infosys Limited","-","Press Release","12-Feb-2013 17:36"
"INFY","Infosys Limited","-","Press Release","31-Jan-2013 15:16"
"INFY","Infosys Limited","-","Press Release","28-Jan-2013 15:16"
"INFY","Infosys Limited","-","Press Release","25-Jan-2013 15:16"
"INFY","Infosys Limited","-","Press Release","23-Jan-2013 17:36"
"INFY","Infosys Limited","-","Press Release","15-Jan-2013 08:04"
"INFY","Infosys Limited","-","Press Release","11-Jan-2013 08:51"
"INFY","Infosys Limited","-","Updates","11-Jan-2013 08:47"
"INFY","Infosys Limited","-","Consolidated Result Updates - IFRS","11-Jan-2013 08:45"
"INFY","Infosys Limited","-","Financial Result Updates","11-Jan-2013 08:43"
"INFY","Infosys Limited","-","Results Update, Quarter ended, 31-DEC-2012 (Standalone)","11-Jan-2013 08:43"
"INFY","Infosys Limited","-","Press Release","07-Jan-2013 12:16"
"INFY","Infosys Limited","-","Press Release","03-Jan-2013 18:30"
"INFY","Infosys Limited","-","Allotment of Securities","18-Dec-2012 17:57"
"INFY","Infosys Limited","-","Press Release","18-Dec-2012 16:22"
"INFY","Infosys Limited","-","Press Release","14-Dec-2012 14:59"
"INFY","Infosys Limited","-","Press Release","14-Dec-2012 07:49"
"INFY","Infosys Limited","-","Press Release","13-Dec-2012 14:32"
"INFY","Infosys Limited","-","Press Release","13-Dec-2012 07:55"
"INFY","Infosys Limited","-","Press Release","07-Dec-2012 11:01"
"INFY","Infosys Limited","-","Press Release","05-Dec-2012 10:43"
"INFY","Infosys Limited","-","Press Release","30-Nov-2012 18:27"
"INFY","Infosys Limited","-","Press Release","29-Nov-2012 16:16"
"INFY","Infosys Limited","-","Press Release","19-Nov-2012 15:19"
"INFY","Infosys Limited","-","Credit Rating","15-Nov-2012 09:59"
"INFY","Infosys Limited","-","Press Release","15-Nov-2012 09:32"
"INFY","Infosys Limited","-","Press Release","13-Nov-2012 16:16"
"INFY","Infosys Limited","-","Press Release","13-Nov-2012 16:06"
"INFY","Infosys Limited","-","Disclosure under SEBI Takeover Regulations","09-Nov-2012 16:17"
"INFY","Infosys Limited","-","Disclosure under SEBI Takeover Regulations","09-Nov-2012 12:14"
"INFY","Infosys Limited","-","Press Release","08-Nov-2012 17:10"
"INFY","Infosys Limited","-","Press Release","07-Nov-2012 08:09"
"INFY","Infosys Limited","-","Press Release","01-Nov-2012 10:58"
"INFY","Infosys Limited","-","Press Release","25-Oct-2012 08:34"
"INFY","Infosys Limited","-","Press Release","23-Oct-2012 14:08"
"INFY","Infosys Limited","-","Press Release","22-Oct-2012 16:26"
"INFY","Infosys Limited","-","Press Release","17-Oct-2012 17:14"
"INFY","Infosys Limited","-","Press Release","16-Oct-2012 14:47"
"INFY","Infosys Limited","-","Change in Management","12-Oct-2012 11:51"
"INFY","Infosys Limited","-","Updates","12-Oct-2012 09:15"
"INFY","Infosys Limited","-","Dividend","12-Oct-2012 09:01"
"INFY","Infosys Limited","-","Press Release","12-Oct-2012 08:58"
"INFY","Infosys Limited","-","Consolidated Result Updates - IFRS","12-Oct-2012 08:56"
"INFY","Infosys Limited","-","Results Update, Quarter ended, 30-SEP-2012 (Standalone)","12-Oct-2012 08:54"
"INFY","Infosys Limited","-","Financial Result Updates","12-Oct-2012 08:52"
"INFY","Infosys Limited","-","Press Release","09-Oct-2012 16:44"
"INFY","Infosys Limited","-","Press Release","04-Oct-2012 15:39"
"INFY","Infosys Limited","-","Press Release","27-Sep-2012 17:25"
"INFY","Infosys Limited","-","Record Date","24-Sep-2012 10:33"
"INFY","Infosys Limited","-","Press Release","14-Sep-2012 14:35"
"INFY","Infosys Limited","-","Press Release","12-Sep-2012 17:23"
"INFY","Infosys Limited","-","Allotment of Securities","12-Sep-2012 07:59"
"INFY","Infosys Limited","-","Allotment of Securities","11-Sep-2012 18:26"
"INFY","Infosys Limited","-","Press Release","11-Sep-2012 18:22"
"INFY","Infosys Limited","-","Press Release","11-Sep-2012 09:12"
"INFY","Infosys Limited","-","Press Release","10-Sep-2012 08:43"
"INFY","Infosys Limited","-","Press Release","22-Aug-2012 15:19"
"INFY","Infosys Limited","-","Press Release","21-Aug-2012 08:49"
"INFY","Infosys Limited","-","Press Release","16-Aug-2012 17:45"
"INFY","Infosys Limited","-","Press Release","13-Aug-2012 17:05"
"INFY","Infosys Limited","-","Press Release","09-Aug-2012 14:59"
"INFY","Infosys Limited","-","Press Release","07-Aug-2012 17:43"
"INFY","Infosys Limited","-","Allotment of Securities","03-Aug-2012 18:35"
"INFY","Infosys Limited","-","Press Release","24-Jul-2012 09:02"
"INFY","Infosys Limited","-","Press Release","20-Jul-2012 16:13"
"INFY","Infosys Limited","-","Press Release","17-Jul-2012 18:21"
"INFY","Infosys Limited","-","Press Release","12-Jul-2012 09:02"
"INFY","Infosys Limited","-","Updates","12-Jul-2012 08:57"
"INFY","Infosys Limited","-","Results Update, Quarter ended, 30-JUN-2012 (Standalone)","12-Jul-2012 08:56"
"INFY","Infosys Limited","-","Consolidated Result Updates - IFRS","12-Jul-2012 08:55"
"INFY","Infosys Limited","-","Financial Result Updates","12-Jul-2012 08:54"
"INFY","Infosys Limited","-","Press Release","10-Jul-2012 14:31"
"INFY","Infosys Limited","-","Minutes of Annual General Meeting","02-Jul-2012 13:27"
"INFY","Infosys Limited","-","Press Release","26-Jun-2012 13:56"
"INFY","Infosys Limited","-","Allotment of Securities","25-Jun-2012 17:48"
"INFY","Infosys Limited","-","Press Release","14-Jun-2012 15:11"
"INFY","Infosys Limited","-","Press Release","11-Jun-2012 19:44"
"INFY","Infosys Limited","-","Disclosure of Voting Pattern - Clause 35A","11-Jun-2012 11:45"
"INFY","Infosys Limited","-","Press Release","01-Jun-2012 11:25"
"INFY","Infosys Limited","-","Press Release","22-May-2012 17:39"
"INFY","Infosys Limited","-","Press Release","14-May-2012 18:15"
"INFY","Infosys Limited","-","Press Release","10-May-2012 15:31"
"INFY","Infosys Limited","-","Press Release","08-May-2012 18:51"
"INFY","Infosys Limited","-","Press Release","03-May-2012 12:26"
"INFY","Infosys Limited","-","Press Release","26-Apr-2012 18:13"
"INFY","Infosys Limited","-","Disclosure under SEBI Takeover Regulations","24-Apr-2012 12:28"
"INFY","Infosys Limited","-","Press Release","24-Apr-2012 08:05"
"INFY","Infosys Limited","-","Press Release","19-Apr-2012 14:51"
"INFY","Infosys Limited","-","Disclosure under SEBI Takeover Regulations","18-Apr-2012 18:31"
"INFY","Infosys Limited","-","Change in Company Secretary","13-Apr-2012 11:47"
"INFY","Infosys Limited","-","AGM / Book Closure","13-Apr-2012 11:03"
"INFY","Infosys Limited","-","Dividend","13-Apr-2012 08:53"
"INFY","Infosys Limited","-","Press Release","13-Apr-2012 08:48"
"INFY","Infosys Limited","-","Consolidated Result Updates - IFRS","13-Apr-2012 08:47"
"INFY","Infosys Limited","-","Results Update, Quarter ended, 31-MAR-2012 (Standalone)","13-Apr-2012 08:44"
"INFY","Infosys Limited","-","Updates","13-Apr-2012 08:42"
"INFY","Infosys Limited","-","Results Update, Year ended, 31-MAR-2012 (Standalone)","13-Apr-2012 08:39"
"INFY","Infosys Limited","-","Financial Result Updates","13-Apr-2012 08:38"
"INFY","Infosys Limited","-","Press Release","22-Mar-2012 19:52"
"INFY","Infosys Limited","-","Press Release","15-Mar-2012 15:40"
"INFY","Infosys Limited","-","Press Release","13-Mar-2012 15:10"
"INFY","Infosys Limited","-","Press Release","01-Mar-2012 14:38"
"INFY","Infosys Limited","-","Press Release","27-Feb-2012 14:41"
"INFY","Infosys Limited","-","Press Release","03-Feb-2012 11:24"
"INFY","Infosys Limited","-","Press Release","12-Jan-2012 08:42"
"INFY","Infosys Limited","-","Press Release","12-Jan-2012 08:40"
"INFY","Infosys Limited","-","Updates","12-Jan-2012 08:37"
"INFY","Infosys Limited","-","Results Update, Quarter ended, 31-DEC-2011 (Standalone)","12-Jan-2012 08:33"
"INFY","Infosys Limited","-","Consolidated Result Updates - IFRS","12-Jan-2012 08:32"
"INFY","Infosys Limited","-","Financial Result Updates","12-Jan-2012 08:31"
"INFY","Infosys Limited","-","Press Release","20-Dec-2011 15:15"
"INFY","Infosys Limited","-","Outcome of Postal Ballot","17-Oct-2011 19:55"
"INFY","Infosys Limited","-","Updates","12-Oct-2011 08:45"
"INFY","Infosys Limited","-","Interim Dividend","12-Oct-2011 08:43"
"INFY","Infosys Limited","-","Press Release","12-Oct-2011 08:43"
"INFY","Infosys Limited","-","Consolidated Result Updates - IFRS","12-Oct-2011 08:40"
"INFY","Infosys Limited","-","Results Update, Quarter ended, 30-SEP-2011 (Standalone)","12-Oct-2011 08:39"
"INFY","Infosys Limited","-","Financial Result Updates","12-Oct-2011 08:37"
"INFY","Infosys Limited","-","Record Date","22-Sep-2011 11:18"
"INFY","Infosys Limited","-","Press Release","07-Sep-2011 15:33"
"INFY","Infosys Limited","-","Postal Ballot","02-Sep-2011 10:03"
"INFY","Infosys Limited","-","Press Release","23-Aug-2011 16:34"
"INFY","Infosys Limited","-","Press Release","10-Aug-2011 10:39"
"INFY","Infosys Limited","-","Press Release","09-Aug-2011 15:29"
"INFY","Infosys Limited","-","Press Release","04-Aug-2011 13:14"
"INFY","Infosys Limited","-","Press Release","02-Aug-2011 14:04"
"INFY","Infosys Limited","-","Press Release","12-Jul-2011 08:49"
"INFY","Infosys Limited","-","Updates","12-Jul-2011 08:49"
"INFY","Infosys Limited","-","Consolidated Result Updates - IFRS","12-Jul-2011 08:45"
"INFY","Infosys Limited","-","Financial Result Updates","12-Jul-2011 08:44"
"INFY","Infosys Limited","-","Results Update, Quarter ended, 30-JUN-2011 (Standalone)","12-Jul-2011 08:41"
"INFY","Infosys Limited","-","Change in Company Name / Symbol","23-Jun-2011 16:37"
"INFY","Infosys Limited","-","Company Name Change","16-Jun-2011 18:24"
"INFY","Infosys Limited","-","Press Release","13-Jun-2011 09:46"
"INFY","Infosys Limited","-","Updates","24-May-2011 17:36"
"INFY","Infosys Limited","-","Outcome of Board Meeting","30-Apr-2011 18:14"
"INFY","Infosys Limited","-","Press Release","30-Apr-2011 18:10"
"INFY","Infosys Limited","-","AGM / Book Closure","15-Apr-2011 11:59"
"INFY","Infosys Limited","-","Change in Director(s)","15-Apr-2011 09:35"
"INFY","Infosys Limited","-","Updates","15-Apr-2011 09:26"
"INFY","Infosys Limited","-","Press Release","15-Apr-2011 09:23"
"INFY","Infosys Limited","-","Dividend","15-Apr-2011 09:17"
"INFY","Infosys Limited","-","Results Update, Year ended, 31-MAR-2011 (Standalone)","15-Apr-2011 09:16"
"INFY","Infosys Limited","-","Consolidated Result Updates - IFRS","15-Apr-2011 09:14"
"INFY","Infosys Limited","-","Financial Result Updates","15-Apr-2011 09:13"
"INFY","Infosys Limited","-","Press Release","17-Feb-2011 14:34"
"INFY","Infosys Limited","-","Disclosure under Insider Trading Regulation","28-Jan-2011 17:19"
"INFY","Infosys Limited","-","Press Release","21-Jan-2011 16:10"
"INFY","Infosys Limited","-","Appointment of Director","13-Jan-2011 09:03"
"INFY","Infosys Limited","-","Consolidated Result Updates - IFRS","13-Jan-2011 08:56"
"INFY","Infosys Limited","-","Press Release","13-Jan-2011 08:53"
"INFY","Infosys Limited","-","Updates","13-Jan-2011 08:53"
"INFY","Infosys Limited","-","Results Update, Quarter ended, 31-DEC-2010 (Standalone)","13-Jan-2011 08:50"
"INFY","Infosys Limited","-","Financial Result Updates","13-Jan-2011 08:49"
"INFY","Infosys Limited","-","Press Release","06-Jan-2011 16:44"
"INFY","Infosys Limited","-","Updates","15-Oct-2010 08:39"
"INFY","Infosys Limited","-","Press Release","15-Oct-2010 08:39"
"INFY","Infosys Limited","-","Consolidated Result Updates - IFRS","15-Oct-2010 08:38"
"INFY","Infosys Limited","-","Dividend","15-Oct-2010 08:36"
"INFY","Infosys Limited","-","Results Update, Quarter ended, 30-SEP-2010 (Standalone)","15-Oct-2010 08:33"
"INFY","Infosys Limited","-","Financial Result Updates","15-Oct-2010 08:32"
"INFY","Infosys Limited","-","Record Date","29-Sep-2010 10:52"
"INFY","Infosys Limited","-","Press Release","30-Aug-2010 15:48"
"INFY","Infosys Limited","-","Press Release","05-Aug-2010 16:53"
"INFY","Infosys Limited","-","Press Release","20-Jul-2010 14:42"
"INFY","Infosys Limited","-","Results Update, Quarter ended, 30-JUN-2010 (Standalone)","13-Jul-2010 08:55"
"INFY","Infosys Limited","-","Consolidated Result Updates - IFRS","13-Jul-2010 08:53"
"INFY","Infosys Limited","-","Press Release","13-Jul-2010 08:50"
"INFY","Infosys Limited","-","Updates","13-Jul-2010 08:45"
"INFY","Infosys Limited","-","Press Release","21-May-2010 14:15"
"INFY","Infosys Limited","-","AGM/Book Closure","13-Apr-2010 09:10"
"INFY","Infosys Limited","-","Consolidated Result Update - IFRS","13-Apr-2010 08:57"
"INFY","Infosys Limited","-","Resignation","13-Apr-2010 08:54"
"INFY","Infosys Limited","-","Results Update, Quarter ended, 31-MAR-2010 (Standalone)","13-Apr-2010 08:49"
"INFY","Infosys Limited","-","Results Update, Year ended, 31-MAR-2010 (Standalone)","13-Apr-2010 08:48"
"INFY","Infosys Limited","-","Press Release","13-Apr-2010 08:47"
"INFY","Infosys Limited","-","Updates","13-Apr-2010 08:42"
"INFY","Infosys Limited","-","Results Update, Quarter ended, 31-MAR-2010 (Consolidated)","13-Apr-2010 08:40"
"INFY","Infosys Limited","-","Dividend","13-Apr-2010 08:39"
"INFY","Infosys Limited","-","Results Update, Year ended, 31-MAR-2010 (Consolidated)","13-Apr-2010 08:38"
"INFY","Infosys Limited","-","Press Release","11-Mar-2010 16:16"
"INFY","Infosys Limited","-","Auditor's report","12-Jan-2010 08:48"
"INFY","Infosys Limited","-","Press Release","12-Jan-2010 08:41"
"INFY","Infosys Limited","-","Updates","12-Jan-2010 08:39"
"INFY","Infosys Limited","-","Results Update, Quarter ended, 31-DEC-2009 (Consolidated)","12-Jan-2010 08:38"
"INFY","Infosys Limited","-","Results Update, Quarter ended, 31-DEC-2009 (Standalone)","12-Jan-2010 08:37"
"INFY","Infosys Limited","-","Press Release","15-Dec-2009 16:56"
"INFY","Infosys Limited","-","Press Release","15-Dec-2009 14:17"
"INFY","Infosys Limited","-","Press Release","14-Dec-2009 14:53"
"INFY","Infosys Limited","-","Press Release","12-Nov-2009 09:04"
"INFY","Infosys Limited","-","Press Release","09-Nov-2009 16:33"
"INFY","Infosys Limited","-","Press Release","06-Nov-2009 15:43"
"INFY","Infosys Limited","-","Disclosure under the SEBI(Prohibition of Insider Trading)","05-Nov-2009 16:05"
"INFY","Infosys Limited","-","Disclosure under the SEBI(Prohibition of Insider Trading)","22-Oct-2009 16:12"
"INFY","Infosys Limited","-","Press Release","22-Oct-2009 15:16"
"INFY","Infosys Limited","-","Press Release","09-Oct-2009 09:15"
"INFY","Infosys Limited","-","Auditor's report","09-Oct-2009 09:13"
"INFY","Infosys Limited","-","Results Update, Half Year ended, 30-SEP-2009 (Standalone)","09-Oct-2009 09:08"
"INFY","Infosys Limited","-","Results Update, Quarter ended, 30-SEP-2009 (Standalone)","09-Oct-2009 09:07"
"INFY","Infosys Limited","-","Results Update, Half Year ended, 30-SEP-2009 (Consolidated)","09-Oct-2009 09:04"
"INFY","Infosys Limited","-","Results Update, Quarter ended, 30-SEP-2009 (Consolidated)","09-Oct-2009 09:03"
"INFY","Infosys Limited","-","Updates","09-Oct-2009 09:03"
"INFY","Infosys Limited","-","Interim Dividend","09-Oct-2009 08:59"
"INFY","Infosys Limited","-","Press Release","15-Sep-2009 10:39"
"INFY","Infosys Limited","-","Press Release","26-Aug-2009 15:54"
"INFY","Infosys Limited","-","Press Release","28-Jul-2009 15:46"
"INFY","Infosys Limited","-","Press Release","22-Jul-2009 09:20"
"INFY","Infosys Limited","-","Press Release","15-Jul-2009 15:37"
"INFY","Infosys Limited","-","Auditor's report","10-Jul-2009 09:22"
"INFY","Infosys Limited","-","Press Release","10-Jul-2009 09:17"
"INFY","Infosys Limited","-","Updates","10-Jul-2009 09:12"
"INFY","Infosys Limited","-","Standalone Results Update, Quarter ended, 30-JUN-2009","10-Jul-2009 09:11"
"INFY","Infosys Limited","-","Consolidated Results Update, Quarter ended, 30-JUN-2009","10-Jul-2009 08:58"
"INFY","Infosys Limited","-","Press Release","25-Jun-2009 13:47"
"INFY","Infosys Limited","-","Press Release","15-Jun-2009 16:00"
"INFY","Infosys Limited","-","Release","01-Jun-2009 16:04"
"INFY","Infosys Limited","-","Press Release","15-May-2009 17:25"
"INFY","Infosys Limited","-","Press Release","04-May-2009 08:35"
"INFY","Infosys Limited","-","AGM/Book Closure","15-Apr-2009 09:51"
"INFY","Infosys Limited","-","Auditor's report","15-Apr-2009 09:35"
"INFY","Infosys Limited","-","Standalone Results Update, Year ended, 31-MAR-2009","15-Apr-2009 09:33"
"INFY","Infosys Limited","-","Standalone Results Update, Quarter ended, 31-MAR-2009","15-Apr-2009 09:32"
"INFY","Infosys Limited","-","Updates","15-Apr-2009 09:25"
"INFY","Infosys Limited","-","Press Release","15-Apr-2009 09:24"
"INFY","Infosys Limited","-","Consolidated Results Update, Year ended, 31-MAR-2009","15-Apr-2009 09:17"
"INFY","Infosys Limited","-","Consolidated Results Update, Quarter ended, 31-MAR-2009","15-Apr-2009 09:16"
"INFY","Infosys Limited","-","Dividend","15-Apr-2009 09:13"
"INFY","Infosys Limited","-","Press Release","16-Mar-2009 15:59"
"INFY","Infosys Limited","-","Press Release","17-Feb-2009 11:32"
"INFY","Infosys Limited","-","Press Release","12-Feb-2009 14:18"
"INFY","Infosys Limited","-","Press Release","14-Jan-2009 15:35"
"INFY","Infosys Limited","-","Auditor's report","13-Jan-2009 09:25"
"INFY","Infosys Limited","-","Press Release","13-Jan-2009 09:24"
"INFY","Infosys Limited","-","Standalone Results Update, Quarter ended, 31-DEC-2008","13-Jan-2009 09:20"
"INFY","Infosys Limited","-","Updates","13-Jan-2009 09:20"
"INFY","Infosys Limited","-","Consolidated Results Update, Quarter ended, 31-DEC-2008","13-Jan-2009 09:15"
"INFY","Infosys Limited","-","Press Release","15-Dec-2008 16:07"
"INFY","Infosys Limited","-","Press Release","11-Dec-2008 12:16"
"INFY","Infosys Limited","-","Press Release","10-Nov-2008 16:46"
"INFY","Infosys Limited","-","Press Release","06-Nov-2008 16:09"
"INFY","Infosys Limited","-","Press Release","15-Oct-2008 12:05"
"INFY","Infosys Limited","-","Updates","10-Oct-2008 09:41"
"INFY","Infosys Limited","-","Release","10-Oct-2008 09:41"
"INFY","Infosys Limited","-","Press Release","10-Oct-2008 09:33"
"INFY","Infosys Limited","-","Auditor's report","10-Oct-2008 09:17"
"INFY","Infosys Limited","-","Standalone Results Update, Half Yearly ended, 30-SEP-2008","10-Oct-2008 09:16"
"INFY","Infosys Limited","-","Consolidated Results Update, Half Yearly ended, 30-SEP-2008","10-Oct-2008 09:15"
"INFY","Infosys Limited","-","Interim Dividend","10-Oct-2008 09:14"
"INFY","Infosys Limited","-","Standalone Results Update, Quarter ended, 30-SEP-2008","10-Oct-2008 09:14"
"INFY","Infosys Limited","-","Consolidated Results Update, Quarter ended, 30-SEP-2008","10-Oct-2008 09:13"
"INFY","Infosys Limited","-","Press Release","27-Sep-2008 13:00"
"INFY","Infosys Limited","-","Press Release","17-Sep-2008 14:54"
"INFY","Infosys Limited","-","Press Release","01-Sep-2008 15:23"
"INFY","Infosys Limited","-","Press Release","29-Aug-2008 16:32"
"INFY","Infosys Limited","-","Press Release","25-Aug-2008 17:09"
"INFY","Infosys Limited","-","Press Release","19-Aug-2008 15:15"
"INFY","Infosys Limited","-","Press Release","31-Jul-2008 11:27"
"INFY","Infosys Limited","-","Press Release","24-Jul-2008 14:45"
"INFY","Infosys Limited","-","Press Release","17-Jul-2008 14:12"
"INFY","Infosys Limited","-","Updates","11-Jul-2008 09:20"
"INFY","Infosys Limited","-","Auditor's report","11-Jul-2008 09:18"
"INFY","Infosys Limited","-","Press Release","11-Jul-2008 09:13"
"INFY","Infosys Limited","-","Standalone Results Update, Quarter ended, 30-JUN-2008","11-Jul-2008 09:04"
"INFY","Infosys Limited","-","Consolidated Results Update, Quarter ended, 30-JUN-2008","11-Jul-2008 08:58"
"INFY","Infosys Limited","-","Media Release","07-Jul-2008 18:31"
"INFY","Infosys Limited","-","Press Release","26-Jun-2008 15:15"
"INFY","Infosys Limited","-","Reg.13-SEBI(Prohibition of Insider Trading Regulations)1992","16-Jun-2008 10:23"
"INFY","Infosys Limited","-","Press Release","10-Jun-2008 12:36"
"INFY","Infosys Limited","-","Press Release","04-Jun-2008 15:26"
"INFY","Infosys Limited","-","Press Release","03-Jun-2008 15:00"
"INFY","Infosys Limited","-","Press Release","28-May-2008 15:24"
"INFY","Infosys Limited","-","Press Release","28-May-2008 12:17"
"INFY","Infosys Limited","-","Press Release","20-May-2008 17:02"
"INFY","Infosys Limited","-","Reg.13-SEBI(Prohibition of Insider Trading Regulations)1992","30-Apr-2008 20:23"
"INFY","Infosys Limited","-","Press Release","28-Apr-2008 14:49"
"INFY","Infosys Limited","-","Press Release","24-Apr-2008 13:42"
"INFY","Infosys Limited","-","Press Release","19-Apr-2008 10:27"
"INFY","Infosys Limited","-","Updates","16-Apr-2008 15:06"
"INFY","Infosys Limited","-","AGM/Book Closure","15-Apr-2008 11:13"
"INFY","Infosys Limited","-","Auditor's report","15-Apr-2008 10:07"
"INFY","Infosys Limited","-","Outcome of Board Meeting","15-Apr-2008 10:01"
"INFY","Infosys Limited","-","Press Release","15-Apr-2008 09:39"
"INFY","Infosys Limited","-","Standalone Results Update, Quarter ended, 31-MAR-2008","15-Apr-2008 09:35"
"INFY","Infosys Limited","-","Updates","15-Apr-2008 09:35"
"INFY","Infosys Limited","-","Consolidated Results Update, Quarter ended, 31-MAR-2008","15-Apr-2008 09:34"
"INFY","Infosys Limited","-","Dividend","15-Apr-2008 09:31"
"INFY","Infosys Limited","-","Standalone Results Update, Year ended, 31-MAR-2008","15-Apr-2008 09:30"
"INFY","Infosys Limited","-","Consolidated Results Update, Year ended, 31-MAR-2008","15-Apr-2008 09:28"
"INFY","Infosys Limited","-","Press Release","02-Apr-2008 15:17"
"INFY","Infosys Limited","-","Press Release","27-Mar-2008 17:33"
"INFY","Infosys Limited","-","Press Release","19-Mar-2008 10:51"
"INFY","Infosys Limited","-","Press Release","06-Mar-2008 17:10"
"INFY","Infosys Limited","-","Press Release","03-Mar-2008 15:01"
"INFY","Infosys Limited","-","Press Release","27-Feb-2008 14:55"
"INFY","Infosys Limited","-","Press Release","26-Feb-2008 12:32"
"INFY","Infosys Limited","-","Press Release","21-Feb-2008 10:33"
"INFY","Infosys Limited","-","Press Release","20-Feb-2008 15:08"
"INFY","Infosys Limited","-","Press Release","19-Feb-2008 14:42"
"INFY","Infosys Limited","-","Press Release","29-Jan-2008 14:57"
"INFY","Infosys Limited","-","Press Release","24-Jan-2008 16:27"
"INFY","Infosys Limited","-","Press Release","11-Jan-2008 09:23"
"INFY","Infosys Limited","-","Updates","11-Jan-2008 09:19"
"INFY","Infosys Limited","-","Auditor's report","11-Jan-2008 09:16"
"INFY","Infosys Limited","-","Standalone Results Update, Quarter ended, 31-DEC-2007","11-Jan-2008 09:07"
"INFY","Infosys Limited","-","Consolidated Results Update, Quarter ended, 31-DEC-2007","11-Jan-2008 09:06"
"INFY","Infosys Limited","-","Reg.13-SEBI(Prohibition of Insider Trading Regulations)1992","03-Jan-2008 10:31"
"INFY","Infosys Limited","-","Reg.13-SEBI(Prohibition of Insider Trading Regulations)1992","10-Dec-2007 17:11"
"INFY","Infosys Limited","-","Press Release","10-Dec-2007 14:48"
"INFY","Infosys Limited","-","Press Release","28-Nov-2007 12:04"
"INFY","Infosys Limited","-","Press Release","27-Nov-2007 15:55"
"INFY","Infosys Limited","-","Press Release","05-Nov-2007 15:55"
"INFY","Infosys Limited","-","Press Release","29-Oct-2007 18:32"
"INFY","Infosys Limited","-","Press Release","27-Oct-2007 11:54"
"INFY","Infosys Limited","-","Press Release","25-Oct-2007 16:15"
"INFY","Infosys Limited","-","Press Release","16-Oct-2007 15:36"
"INFY","Infosys Limited","-","Miscellaneous","11-Oct-2007 09:23"
"INFY","Infosys Limited","-","Auditor's report","11-Oct-2007 09:19"
"INFY","Infosys Limited","-","Press Release","11-Oct-2007 09:10"
"INFY","Infosys Limited","-","Standalone Results Update, Quarter ended, 30-SEP-2007","11-Oct-2007 08:59"
"INFY","Infosys Limited","-","Interim Dividend","11-Oct-2007 08:59"
"INFY","Infosys Limited","-","Consolidated Results Update, Quarter ended, 30-SEP-2007","11-Oct-2007 08:57"
"INFY","Infosys Limited","-","Press Release","17-Sep-2007 13:43"
"INFY","Infosys Limited","-","Press Release","10-Sep-2007 13:21"
"INFY","Infosys Limited","-","Reg.13-SEBI(Prohibition of Insider Trading Regulations)1992","04-Sep-2007 18:51"
"INFY","Infosys Limited","-","Press Release","31-Aug-2007 15:42"
"INFY","Infosys Limited","-","Press Release","30-Aug-2007 16:02"
"INFY","Infosys Limited","-","Press Release","21-Aug-2007 18:50"
"INFY","Infosys Limited","-","Press Release","21-Aug-2007 13:58"
"INFY","Infosys Limited","-","Press Release","25-Jul-2007 15:51"
"INFY","Infosys Limited","-","Press Release","23-Jul-2007 17:01"
"INFY","Infosys Limited","-","Press Release","12-Jul-2007 12:40"
"INFY","Infosys Limited","-","Press Release","11-Jul-2007 09:00"
"INFY","Infosys Limited","-","Standalone Results Update, Quarter ended, 30-JUN-2007","11-Jul-2007 08:40"
"INFY","Infosys Limited","-","Consolidated Results Update, Quarter ended, 30-JUN-2007","11-Jul-2007 08:39"
"INFY","Infosys Limited","-","Press Release","26-Jun-2007 14:17"
"INFY","Infosys Limited","-","Press Release","21-May-2007 12:22"
"INFY","Infosys Limited","-","Press Release","14-May-2007 16:18"
"INFY","Infosys Limited","-","Press Release","03-May-2007 08:46"
"INFY","Infosys Limited","-","Outcome of Board Meeting","13-Apr-2007 10:00"
"INFY","Infosys Limited","-","AGM/Book Closure","13-Apr-2007 09:57"
"INFY","Infosys Limited","-","Press Release","13-Apr-2007 09:50"
"INFY","Infosys Limited","-","Final Dividend","13-Apr-2007 09:34"
"INFY","Infosys Limited","-","Press Release","22-Feb-2007 17:26"
"INFY","Infosys Limited","-","Press Release","23-Jan-2007 12:01"
"INFY","Infosys Limited","-","Press Release","18-Jan-2007 12:03"
"INFY","Infosys Limited","-","Press Release","11-Jan-2007 09:28"
"INFY","Infosys Limited","-","Press Release","08-Jan-2007 12:07"
"INFY","Infosys Limited","-","Press Release","18-Dec-2006 09:43"
"INFY","Infosys Limited","-","Press Release","11-Dec-2006 09:41"
"INFY","Infosys Limited","-","Reg.13-SEBI(Prohibition of Insider Trading Regulations)1992","30-Nov-2006 11:16"
"INFY","Infosys Limited","-","Press Release","21-Nov-2006 09:25"
"INFY","Infosys Limited","-","Sponsored ADR","07-Nov-2006 18:29"
"INFY","Infosys Limited","-","Press Release","23-Oct-2006 11:43"
"INFY","Infosys Limited","-","Notice of EGM","13-Oct-2006 17:22"
"INFY","Infosys Limited","-","Sponsored ADS","11-Oct-2006 09:39"
"INFY","Infosys Limited","-","Press Release","11-Oct-2006 09:39"
"INFY","Infosys Limited","-","Dividend","11-Oct-2006 09:11"
"INFY","Infosys Limited","-","Record Date","28-Sep-2006 12:14"
"INFY","Infosys Limited","-","Press Release","28-Sep-2006 12:01"
"INFY","Infosys Limited","-","Press Release","18-Sep-2006 00:00"
"INFY","Infosys Limited","-","Release","14-Sep-2006 00:00"
"INFY","Infosys Limited","-","Press Release","07-Sep-2006 00:00"
"INFY","Infosys Limited","-","Press Release","07-Sep-2006 00:00"
"INFY","Infosys Limited","-","Allotment of Bonus Shares","17-Jul-2006 00:00"
"INFY","Infosys Limited","-","Appointment/Others","12-Jul-2006 00:00"
"INFY","Infosys Limited","-","Increase in Authorised Capital","22-Jun-2006 00:00"
"INFY","Infosys Limited","-","Record Date","12-Jun-2006 00:00"
"INFY","Infosys Limited","-","Retirement","12-Jun-2006 00:00"
"INFY","Infosys Limited","-","Press Release","07-Jun-2006 00:00"
"INFY","Infosys Limited","-","Press Release","01-Jun-2006 00:00"
"INFY","Infosys Limited","-","Press Release","16-May-2006 00:00"
"INFY","Infosys Limited","-","Press Release","12-May-2006 00:00"
"INFY","Infosys Limited","-","Appointment of Company Secretary","02-May-2006 00:00"
"INFY","Infosys Limited","-","Press Release","20-Apr-2006 00:00"
"INFY","Infosys Limited","-","AGM/Book Closure","17-Apr-2006 00:00"
"INFY","Infosys Limited","-","Press Release","14-Apr-2006 00:00"
"INFY","Infosys Limited","-","Outcome of Board Meeting","14-Apr-2006 00:00"
"INFY","Infosys Limited","-","Bonus/Dividend","14-Apr-2006 00:00"
"INFY","Infosys Limited","-","Press Release","27-Mar-2006 00:00"
"INFY","Infosys Limited","-","Press Release","09-Mar-2006 00:00"
"INFY","Infosys Limited","-","Press Release","06-Mar-2006 00:00"
"INFY","Infosys Limited","-","Reg.13-SEBI(Prohibition of Insider Trading Regulations)1992","06-Mar-2006 00:00"
"INFY","Infosys Limited","-","Press Release","27-Feb-2006 00:00"
"INFY","Infosys Limited","-","Reg.13-SEBI(Prohibition of Insider Trading Regulations)1992","24-Feb-2006 00:00"
"INFY","Infosys Limited","-","Press Release","22-Feb-2006 00:00"
"INFY","Infosys Limited","-","Press Release","09-Feb-2006 00:00"
"INFY","Infosys Limited","-","Press Release","12-Jan-2006 00:00"
"INFY","Infosys Limited","-","Press Release","11-Jan-2006 00:00"
"INFY","Infosys Limited","-","Clarification of News","05-Jan-2006 00:00"
"INFY","Infosys Limited","-","Disc under Reg Subs Acq &Takeover & SEBI Insider Trading Reg","28-Dec-2005 00:00"
"INFY","Infosys Limited","-","Disc under Reg Subs Acq &Takeover & SEBI Insider Trading Reg","22-Dec-2005 00:00"
"INFY","Infosys Limited","-","Press Release","20-Dec-2005 00:00"
"INFY","Infosys Limited","-","Disc under Reg Subs Acq &Takeover & SEBI Insider Trading Reg","09-Dec-2005 00:00"
"INFY","Infosys Limited","-","Press Release","06-Dec-2005 00:00"
"INFY","Infosys Limited","-","Disc under Reg Subs Acq &Takeover & SEBI Insider Trading Reg","30-Nov-2005 00:00"
"INFY","Infosys Limited","-","Press Release","29-Nov-2005 00:00"
"INFY","Infosys Limited","-","Press Release","29-Nov-2005 00:00"
"INFY","Infosys Limited","-","Press Release","21-Nov-2005 00:00"
"INFY","Infosys Limited","-","Disc under Regulation 13(6)of SEBI Insider Trading Reg.,1992","10-Nov-2005 00:00"
"INFY","Infosys Limited","-","Disc under Reg Subs Acq &Takeover & SEBI Insider Trading Reg","31-Oct-2005 00:00"
"INFY","Infosys Limited","-","Press Release","25-Oct-2005 00:00"
"INFY","Infosys Limited","-","Press Release","22-Oct-2005 00:00"
"INFY","Infosys Limited","-","Disc under Reg Subs Acq &Takeover & SEBI Insider Trading Reg","13-Oct-2005 00:00"
"INFY","Infosys Limited","-","Interim Dividend","11-Oct-2005 00:00"
"INFY","Infosys Limited","-","Press Release","11-Oct-2005 00:00"
"INFY","Infosys Limited","-","Disc under Reg Subs Acq &Takeover & SEBI Insider Trading Reg","07-Oct-2005 00:00"
"INFY","Infosys Limited","-","Reg.7(3) of SEBI (Substantial Acq of shares &Takeovers),1997","06-Oct-2005 00:00"
"INFY","Infosys Limited","-","Disc under Reg Subs Acq &Takeover & SEBI Insider Trading Reg","03-Oct-2005 00:00"
"INFY","Infosys Limited","-","Reg.7(3) of SEBI (Substantial Acq of shares &Takeovers),1997","30-Sep-2005 00:00"
"INFY","Infosys Limited","-","Disc under Reg Subs Acq &Takeover & SEBI Insider Trading Reg","29-Sep-2005 00:00"
"INFY","Infosys Limited","-","Allotment of shares","22-Sep-2005 00:00"
"INFY","Infosys Limited","-","Disc under Regulation 13(6)of SEBI Insider Trading Reg.,1992","16-Sep-2005 00:00"
"INFY","Infosys Limited","-","Allotment of shares","15-Sep-2005 00:00"
"INFY","Infosys Limited","-","Press Release","14-Sep-2005 00:00"
"INFY","Infosys Limited","-","Reg.13-SEBI(Prohibition of Insider Trading Regulations)1992","12-Sep-2005 00:00"
"INFY","Infosys Limited","-","Allotment of shares","12-Sep-2005 00:00"
"INFY","Infosys Limited","-","Disc under Regulation 13(6)of SEBI Insider Trading Reg.,1992","02-Sep-2005 00:00"
"INFY","Infosys Limited","-","Press Release","01-Sep-2005 00:00"
"INFY","Infosys Limited","-","Press Release","25-Aug-2005 00:00"
"INFY","Infosys Limited","-","Disc under Regulation 13(6)of SEBI Insider Trading Reg.,1992","18-Aug-2005 00:00"
"INFY","Infosys Limited","-","Disc under Regulation 13(6)of SEBI Insider Trading Reg.,1992","11-Aug-2005 00:00"
"INFY","Infosys Limited","-","Allotment of shares","09-Aug-2005 00:00"
"INFY","Infosys Limited","-","Allotment of shares","08-Aug-2005 00:00"
"INFY","Infosys Limited","-","Press Release","04-Aug-2005 00:00"
"INFY","Infosys Limited","-","Press Release","03-Aug-2005 00:00"
"INFY","Infosys Limited","-","Allotment of shares","02-Aug-2005 00:00"
"INFY","Infosys Limited","-","Disc under Regulation 13(6)of SEBI Insider Trading Reg.,1992","29-Jul-2005 00:00"
"INFY","Infosys Limited","-","Allotment of shares","26-Jul-2005 00:00"
"INFY","Infosys Limited","-","Press Release","21-Jul-2005 00:00"
"INFY","Infosys Limited","-","Press Release","14-Jul-2005 00:00"
"INFY","Infosys Limited","-","Outcome of Board Meeting","12-Jul-2005 00:00"
"INFY","Infosys Limited","-","Audited financial results","12-Jul-2005 00:00"
"INFY","Infosys Limited","-","Press Release","08-Jul-2005 00:00"
"INFY","Infosys Limited","-","Release","01-Jul-2005 00:00"
"INFY","Infosys Limited","-","Press Release","17-Jun-2005 00:00"
"INFY","Infosys Limited","-","Retirement","14-Jun-2005 00:00"
"INFY","Infosys Limited","-","Disc under Regulation 13(6)of SEBI Insider Trading Reg.,1992","03-Jun-2005 00:00"
"INFY","Infosys Limited","-","Press Release","31-May-2005 00:00"
"INFY","Infosys Limited","-","Allotment","27-May-2005 00:00"
"INFY","Infosys Limited","-","Press Release","26-May-2005 00:00"
"INFY","Infosys Limited","-","Allotment of shares","16-May-2005 00:00"
"INFY","Infosys Limited","-","Sponsored ADS","06-May-2005 00:00"
"INFY","Infosys Limited","-","Disc under Regulation 13(6)of SEBI Insider Trading Reg.,1992","04-May-2005 00:00"
"INFY","Infosys Limited","-","Allotment of shares","03-May-2005 00:00"
"INFY","Infosys Limited","-","Press Release","03-May-2005 00:00"
"INFY","Infosys Limited","-","Disc under Regulation 13(6)of SEBI Insider Trading Reg.,1992","21-Apr-2005 00:00"
"INFY","Infosys Limited","-","Press Release","19-Apr-2005 00:00"
"INFY","Infosys Limited","-","Press Release","15-Apr-2005 00:00"
"INFY","Infosys Limited","-","Dividend/Book Closure","14-Apr-2005 00:00"
"INFY","Infosys Limited","-","Press Release","11-Apr-2005 00:00"
"INFY","Infosys Limited","-","Press Release","04-Apr-2005 00:00"
"INFY","Infosys Limited","-","Press Release","30-Mar-2005 00:00"
"INFY","Infosys Limited","-","Press Release","24-Mar-2005 00:00"
"INFY","Infosys Limited","-","Allotment of shares","01-Mar-2005 00:00"
"INFY","Infosys Limited","-","Allotment of shares","16-Feb-2005 00:00"
"INFY","Infosys Limited","-","Press Release","15-Feb-2005 00:00"
"INFY","Infosys Limited","-","Allotment of shares","15-Feb-2005 00:00"
"INFY","Infosys Limited","-","Press Release","14-Feb-2005 00:00"
"INFY","Infosys Limited","-","Allotment of shares","11-Feb-2005 00:00"
"INFY","Infosys Limited","-","Allotment","08-Feb-2005 00:00"
"INFY","Infosys Limited","-","Press Release","03-Feb-2005 00:00"
"INFY","Infosys Limited","-","Allotment","03-Feb-2005 00:00"
"INFY","Infosys Limited","-","Allotment","02-Feb-2005 00:00"
"INFY","Infosys Limited","-","Allotment","28-Jan-2005 00:00"
"INFY","Infosys Limited","-","Allotment","25-Jan-2005 00:00"
"INFY","Infosys Limited","-","Allotment","24-Jan-2005 00:00"
"INFY","Infosys Limited","-","Allotment","21-Jan-2005 00:00"
"INFY","Infosys Limited","-","Audited quarterly results","12-Jan-2005 00:00"
"INFY","Infosys Limited","-","Press Release","05-Jan-2005 00:00"
"INFY","Infosys Limited","-","Allotment","03-Jan-2005 00:00"
"INFY","Infosys Limited","-","Press Release","29-Dec-2004 00:00"
"INFY","Infosys Limited","-","Allotment","23-Dec-2004 00:00"
"INFY","Infosys Limited","-","Outcome of EGM","20-Dec-2004 00:00"
"INFY","Infosys Limited","-","Allotment","13-Dec-2004 00:00"
"INFY","Infosys Limited","-","Allotment","10-Dec-2004 00:00"
"INFY","Infosys Limited","-","Allotment","07-Dec-2004 00:00"
"INFY","Infosys Limited","-","Allotment","06-Dec-2004 00:00"
"INFY","Infosys Limited","-","Press Release","01-Dec-2004 00:00"
"INFY","Infosys Limited","-","Allotment of shares","01-Dec-2004 00:00"
"INFY","Infosys Limited","-","Allotment","29-Nov-2004 00:00"
"INFY","Infosys Limited","-","Press Release","24-Nov-2004 00:00"
"INFY","Infosys Limited","-","Allotment","24-Nov-2004 00:00"
"INFY","Infosys Limited","-","Allotment","23-Nov-2004 00:00"
"INFY","Infosys Limited","-","Notice of EGM","22-Nov-2004 00:00"
"INFY","Infosys Limited","-","Reg.13-SEBI(Prohibition of Insider Trading Regulations)1992","22-Nov-2004 00:00"
"INFY","Infosys Limited","-","Allotment","22-Nov-2004 00:00"
"INFY","Infosys Limited","-","Allotment of shares","18-Nov-2004 00:00"
"INFY","Infosys Limited","-","Press Release","16-Nov-2004 00:00"
"INFY","Infosys Limited","-","Press Release","11-Nov-2004 00:00"
"INFY","Infosys Limited","-","Allotment","09-Nov-2004 00:00"
"INFY","Infosys Limited","-","Allotment of shares","09-Nov-2004 00:00"
"INFY","Infosys Limited","-","Outcome of Board Meeting","08-Nov-2004 00:00"
"INFY","Infosys Limited","-","Allotment of shares","05-Nov-2004 00:00"
"INFY","Infosys Limited","-","Press Release","04-Nov-2004 00:00"
"INFY","Infosys Limited","-","Allotment","29-Oct-2004 00:00"
"INFY","Infosys Limited","-","Press Release","28-Oct-2004 00:00"
"INFY","Infosys Limited","-","Allotment","28-Oct-2004 00:00"
"INFY","Infosys Limited","-","Disclosure under the SEBI(Prohibition of Insider Trading)","26-Oct-2004 00:00"
"INFY","Infosys Limited","-","Allotment","26-Oct-2004 00:00"
"INFY","Infosys Limited","-","Audited quarterly results","12-Oct-2004 00:00"
"INFY","Infosys Limited","-","Interim Dividend","12-Oct-2004 00:00"
"INFY","Infosys Limited","-","Press Release","07-Oct-2004 00:00"
"INFY","Infosys Limited","-","Reg.7(3) of SEBI (Substantial Acq of shares &Takeovers),1997","27-Sep-2004 00:00"
"INFY","Infosys Limited","-","Allotment","24-Sep-2004 00:00"
